<?xml version="1.0" encoding="UTF-8"?>
<processor_output_metadata>
   <project>Rheticus Displacement</project>
   <organization>Planetek_GAP</organization>
   <author>Raffaele Nutricato - Davide Oscar Nitti</author>
   <BackEnd>
      <name>GAP_SPINUA_BackEnd</name>
      <description>BackEnd of the SPINUA PS/DS Processing Chain</description>
      <modules>
         <module ID="Main" version="4.x.b_IDceA_linux64bit_bash4.rc">BACK-END MAIN</module>
         <module ID="GlueCode" version="4.x_IDceA_centos7.7.1908_shc3.9.3a1.A">GLUE CODE OF THE BACK-END</module>
         <module ID="CAT" version="4.x_IDceB_centos7.7.1908_matlab2021a.A">SPLITTER</module>
         <module ID="00" version="4.x_IDceB_centos7.7.1908_matlab2021a.A">SLC_DATA_DOWNLOAD</module>
         <module ID="01" version="4.x_IDceB_centos7.7.1908_matlab2021a.A">SUPERMASTER_SELECTION</module>
         <module ID="03" version="4.x_IDceB_centos7.7.1908_matlab2021a.A">DINSAR_STACK_GENERATION</module>
         <module ID="04" version="4.x_IDceB_centos7.7.1908_matlab2021a.A">SAR_GEOCODING</module>
         <module ID="05" version="4.x_IDceB_centos7.7.1908_matlab2021a.A">DINSAR_STACK_CROP</module>
         <module ID="06" version="4.x_IDceB_centos7.7.1908_matlab2021a.A">SPEA</module>
         <module ID="07" version="4.x_IDceB_centos7.7.1908_matlab2021a.A">PSC</module>
         <module ID="08" version="4.x_IDceB_centos7.7.1908_matlab2021a.A">MEAN_COH</module>
         <module ID="09p" version="4.x_IDceB_centos7.7.1908_matlab2021a.A">SEARCH_PS</module>
         <module ID="09d" version="4.x_IDceB_centos7.7.1908_matlab2021a.A">SEARCH_DS</module>
         <module ID="10" version="4.x_IDceB_centos7.7.1908_matlab2021a.A">SPP2VDEE</module>
         <module ID="11" version="4.x_IDceB_centos7.7.1908_matlab2021a.A">DSC</module>
         <module ID="12" version="4.x_IDceB_centos7.7.1908_matlab2021a.A">APSR</module>
         <module ID="13d" version="4.x_IDceB_centos7.7.1908_matlab2021a.A">IIDSTE</module>
         <module ID="FDd" version="4.x_IDceB_centos7.7.1908_matlab2021a.A">FINAL_DELIVERY_DS</module>
      </modules>
   </BackEnd>
   <CoreLib>
      <name>GAP_SPINUA_CoreLib</name>
      <description>Core Libraries of the SPINUA Algorithm</description>
      <modules>
         <module ID="SPEA" version="11.8.x_IDceB_centos7.7.1908_matlab2021a.A">Stable Point Error Assessment</module>
         <module ID="AmplitudeStability" version="11.8.x_IDceB_centos7.7.1908_matlab2021a.A">SEARCH PSC Amplitude stability</module>
         <module ID="COH_SDSC" version="11.8.x_IDceB_centos7.7.1908_matlab2021a.A">COHERENCE ANALYSIS - SEARCH DS CANDIDATES</module>
         <module ID="SearchPS" version="11.8.x_IDceB_centos7.7.1908_matlab2021a.A">SEARCH PS CANDIDATES REGULAR PATCHES</module>
         <module ID="SPP2VDE" version="11.8.x_IDceB_centos7.7.1908_matlab2021a.A">Stable Points To Vel/DEM Error estimation</module>
         <module ID="DSC" version="11.8.x_IDceB_centos7.7.1908_matlab2021a.A">DERAMP STITCH CLUSTERS</module>
         <module ID="APSR" version="11.8.x_IDceB_centos7.7.1908_matlab2021a.A">ATMOSPHERIC PHASE SCREEN REMOVAL</module>
         <module ID="IICTTE" version="11.8.x_IDceB_centos7.7.1908_matlab2021a.A">INTER-IMAGE COHERENT TARGET TREND ESTIMATION</module>
         <module ID="WPSR" version="11.8.x_IDceB_centos7.7.1908_matlab2021a.A">WRITE PS REPORTS</module>
      </modules>
   </CoreLib>
   <ExtLib>
      <name>GAP_SPINUA_ExtLib</name>
      <description>External Libraries of the PS/DS Processing Chain</description>
      <modules>
        <module ID="SNAP" version="6.x_IDceA_centos7.4.1708_install4j">ESA SeNtinel Application Platform (SNAP)</module>
        <module ID="DORIS" version="4.01.x_IDceA_centos6.10_g++3.4.6">Delft object-oriented radar interferometric software</module>
        <module ID="PK_CREODIAS_EODATA" version="1.x_IDceA_python3.py">SLC DATA DOWNLOAD FROM CREODIAS</module>
      </modules>
   </ExtLib>
   <parameters>
      <configID>000_CT</configID>
      <Method>FINE</Method>
      <WorkingVelocityPrecision_mmy>1.80</WorkingVelocityPrecision_mmy>
      <WorkingDEMErrorPrecision_m>10.00</WorkingDEMErrorPrecision_m>
      <MaxDEMError_m>100.00</MaxDEMError_m>
      <MaxVelocity_mmy>150.00</MaxVelocity_mmy>
      <SPEA_IICth>0.75</SPEA_IICth>
      <product_IICth>0.55</product_IICth>
      <expert_user_IICth>NaN</expert_user_IICth>
   </parameters>
   <processing_time> <!--  UTC timestamp ISO 8601 -->
      <start>2023-05-08T05:02:32Z</start>
      <end>2023-05-08T07:06:56Z</end>
   </processing_time>
   <output_product>
      <customerID>COMUNE_GINOSA</customerID>
      <orderID>PKIPO21290</orderID>
      <productID>a18aedc6-3707-4534-1a5c-bb6ae3662268</productID>
      <prevProductID>3323102b-7965-86aa-0f35-b035c40edceb</prevProductID>
      <target>DS</target>
      <number_of_coherent_targets>1325</number_of_coherent_targets>
      <areaTarget>2500</areaTarget>
      <dataset_id>ginosa_A_7.x</dataset_id>
      <supermaster_id>5e1cac06-81fd-47ce-9d54-5c774788f883</supermaster_id>
      <aoiID>AOI_ginosa_processing</aoiID>
      <aoiKM2>6</aoiKM2>
      <crop_geo_id>LAT40.5521_40.6027LON16.7254_16.7859</crop_geo_id>
      <crop_id>FF_L11_361P8851_10071</crop_id>
      <mission>S1</mission>
      <acquisition_mode>IW</acquisition_mode>
      <beam_id>IW2b6b6</beam_id>
      <polarization>VV</polarization>
      <pass>A</pass>
      <look_side>R</look_side>
      <radar_wavelength>0.0554660</radar_wavelength>
      <slant_range_spacing>2.3296000</slant_range_spacing>
      <azimuth_spacing>13.9239000</azimuth_spacing>
      <relativeOrbitNumber>146</relativeOrbitNumber>
      <auxiliary_DEM>srtm30</auxiliary_DEM>
      <ellipsoid>WGS-84</ellipsoid>
      <geoid>EGM96</geoid>
      <product_ids>
         <product_id UUID="ba36a0b7-3b66-4d84-8e7c-42d6a3f71510" ORBIT_TYPE="POEORB">S1A_IW_SLC__1SDV_20150401T164820_20150401T164847_005293_006B1D_94D3</product_id>
         <product_id UUID="cc20a3c3-58dc-466d-8812-d7395f63cb1f" ORBIT_TYPE="POEORB">S1A_IW_SLC__1SDV_20150413T164821_20150413T164848_005468_006FA2_B91A</product_id>
         <product_id UUID="325c43bb-a4d7-4718-ae02-8e7c284aa413" ORBIT_TYPE="POEORB">S1A_IW_SLC__1SDV_20150425T164822_20150425T164849_005643_0073B4_4C40</product_id>
         <product_id UUID="1560fa3f-2b3f-4a48-aade-0e39564b41c5" ORBIT_TYPE="POEORB">S1A_IW_SLC__1SDV_20150507T164832_20150507T164859_005818_0077B7_6791</product_id>
         <product_id UUID="6c2e404a-14aa-4c3d-b88b-13a02fc3fad9" ORBIT_TYPE="POEORB">S1A_IW_SLC__1SDV_20150519T164823_20150519T164850_005993_007B90_6501</product_id>
         <product_id UUID="2d16ee1f-44ea-416d-9234-67533a238432" ORBIT_TYPE="POEORB">S1A_IW_SLC__1SDV_20150531T164824_20150531T164851_006168_008065_2552</product_id>
         <product_id UUID="047a29b2-3f9e-414b-8ed5-573904aa0e5d" ORBIT_TYPE="POEORB">S1A_IW_SLC__1SDV_20150612T164825_20150612T164852_006343_008584_0D2B</product_id>
         <product_id UUID="d04e46b5-5568-4307-ae88-51e7ca3edde7" ORBIT_TYPE="POEORB">S1A_IW_SLC__1SDV_20150706T164825_20150706T164852_006693_008F32_2543</product_id>
         <product_id UUID="ed834302-a271-4925-afeb-c9e18531ab13" ORBIT_TYPE="POEORB">S1A_IW_SLC__1SDV_20150718T164826_20150718T164853_006868_00943E_04CC</product_id>
         <product_id UUID="881fcb23-c92f-4a6e-8958-45a4fae2fc28" ORBIT_TYPE="POEORB">S1A_IW_SLC__1SDV_20150730T164826_20150730T164853_007043_00992E_6D47</product_id>
         <product_id UUID="5da5e7d2-4c53-4034-9ff5-05599e75265b" ORBIT_TYPE="POEORB">S1A_IW_SLC__1SDV_20150811T164824_20150811T164851_007218_009DF7_053C</product_id>
         <product_id UUID="e27a68c6-b3cd-498b-8ccb-9f2e0bedafca" ORBIT_TYPE="POEORB">S1A_IW_SLC__1SDV_20150823T164825_20150823T164852_007393_00A2B2_BECA</product_id>
         <product_id UUID="2f518c0c-514e-404e-a4c7-219d43aef258" ORBIT_TYPE="POEORB">S1A_IW_SLC__1SDV_20150904T164825_20150904T164852_007568_00A787_DDAF</product_id>
         <product_id UUID="8fa8b360-c6f5-4fcf-8008-971dddb14296" ORBIT_TYPE="POEORB">S1A_IW_SLC__1SDV_20150916T164826_20150916T164853_007743_00AC29_A345</product_id>
         <product_id UUID="a8f5c07e-c8d1-49fc-bdd8-0fb6537722be" ORBIT_TYPE="POEORB">S1A_IW_SLC__1SDV_20150928T164826_20150928T164853_007918_00B0E9_AD25</product_id>
         <product_id UUID="2c36176a-af07-4e35-ac80-36cdb81a7990" ORBIT_TYPE="POEORB">S1A_IW_SLC__1SDV_20151010T164826_20151010T164853_008093_00B587_52C1</product_id>
         <product_id UUID="fa91cf76-0e6f-4f25-a734-07eb4c2762bb" ORBIT_TYPE="POEORB">S1A_IW_SLC__1SDV_20151022T164826_20151022T164853_008268_00BA62_FE30</product_id>
         <product_id UUID="5dc3f526-0b57-4691-a72a-3516db020441" ORBIT_TYPE="POEORB">S1A_IW_SLC__1SDV_20151103T164826_20151103T164853_008443_00BEF0_7DFC</product_id>
         <product_id UUID="b7f5b334-15ed-4d57-a5a7-10ffa5ce0f94" ORBIT_TYPE="POEORB">S1A_IW_SLC__1SDV_20151115T164837_20151115T164904_008618_00C3C5_71B6</product_id>
         <product_id UUID="2d5540af-c698-498e-b91b-539b491be9f2" ORBIT_TYPE="POEORB">S1A_IW_SLC__1SDV_20151127T164839_20151127T164906_008793_00C8A5_C5A2</product_id>
         <product_id UUID="125ee48c-01d4-4b5b-917e-0f3d4b3af6fb" ORBIT_TYPE="POEORB">S1A_IW_SLC__1SDV_20151209T164836_20151209T164903_008968_00CDA6_81BE</product_id>
         <product_id UUID="608906f6-5a8b-4ac8-9386-843d308d7c36" ORBIT_TYPE="POEORB">S1A_IW_SLC__1SDV_20151221T164839_20151221T164905_009143_00D274_A7B9</product_id>
         <product_id UUID="5427a6c1-8d54-4c1c-9c65-b333c4c64720" ORBIT_TYPE="POEORB">S1A_IW_SLC__1SDV_20160102T164835_20160102T164902_009318_00D772_A32C</product_id>
         <product_id UUID="1c6e26a2-f0c9-44da-b04a-8969b33d9e0d" ORBIT_TYPE="POEORB">S1A_IW_SLC__1SDV_20160114T164838_20160114T164905_009493_00DC70_9F93</product_id>
         <product_id UUID="3618d7f1-4be6-4665-89db-02642bbcf311" ORBIT_TYPE="POEORB">S1A_IW_SLC__1SDV_20160126T164834_20160126T164901_009668_00E192_009A</product_id>
         <product_id UUID="b279fa8a-c469-4919-9e2d-2081b9c034e3" ORBIT_TYPE="POEORB">S1A_IW_SLC__1SDV_20160207T164837_20160207T164904_009843_00E699_E6EC</product_id>
         <product_id UUID="1c156699-c1b2-4732-94b7-ca99329de5ad" ORBIT_TYPE="POEORB">S1A_IW_SLC__1SDV_20160219T164831_20160219T164858_010018_00EBC6_ECAC</product_id>
         <product_id UUID="30a16c38-fb3f-48a4-8451-b3863d3cb50e" ORBIT_TYPE="POEORB">S1A_IW_SLC__1SDV_20160302T164837_20160302T164904_010193_00F0B5_6CB2</product_id>
         <product_id UUID="d11adc55-bc74-4f3c-90b2-ffe0fe460660" ORBIT_TYPE="POEORB">S1A_IW_SLC__1SDV_20160314T164835_20160314T164901_010368_00F5D3_6E89</product_id>
         <product_id UUID="8c9d12a6-c537-428f-ac72-d00a8e3e5acf" ORBIT_TYPE="POEORB">S1A_IW_SLC__1SDV_20160326T164838_20160326T164905_010543_00FAAB_2D82</product_id>
         <product_id UUID="56b6e4f8-1171-49cf-947e-644d7fc2d5ef" ORBIT_TYPE="POEORB">S1A_IW_SLC__1SDV_20160407T164835_20160407T164902_010718_00FFCE_7BE1</product_id>
         <product_id UUID="dfa578cd-3d70-4bdf-98a2-3b03d5cc7694" ORBIT_TYPE="POEORB">S1A_IW_SLC__1SDV_20160419T164838_20160419T164905_010893_010513_F951</product_id>
         <product_id UUID="8cd7f1a2-333b-4b86-ae92-500ac60c00b5" ORBIT_TYPE="POEORB">S1A_IW_SLC__1SDV_20160501T164836_20160501T164903_011068_010A9B_9F0C</product_id>
         <product_id UUID="f4dade06-90cd-4ca0-afaa-20cfed4be057" ORBIT_TYPE="POEORB">S1A_IW_SLC__1SDV_20160513T164840_20160513T164907_011243_011022_F405</product_id>
         <product_id UUID="2076d9c9-de9d-487a-9ea7-83b487ffd06f" ORBIT_TYPE="POEORB">S1A_IW_SLC__1SDV_20160525T164840_20160525T164907_011418_0115DF_E85A</product_id>
         <product_id UUID="ce9e6399-d6fa-46be-9c1d-f3a816dfef0b" ORBIT_TYPE="POEORB">S1A_IW_SLC__1SDV_20160606T164825_20160606T164852_011593_011B6D_2B77</product_id>
         <product_id UUID="2b8db6f7-e445-42d5-b3c3-6edb8c2f1a25" ORBIT_TYPE="POEORB">S1A_IW_SLC__1SDV_20160630T164826_20160630T164854_011943_01267A_941F</product_id>
         <product_id UUID="f6522ef6-7a81-4539-b1aa-5006585eb7d9" ORBIT_TYPE="POEORB">S1A_IW_SLC__1SDV_20160712T164826_20160712T164854_012118_012C3E_4226</product_id>
         <product_id UUID="980d726d-ac73-46a3-9b25-6933c87966cc" ORBIT_TYPE="POEORB">S1A_IW_SLC__1SDV_20160724T164827_20160724T164855_012293_0131E4_2C88</product_id>
         <product_id UUID="9f1e3fa5-a998-4dd0-9cf6-3d853ed3fd4f" ORBIT_TYPE="POEORB">S1A_IW_SLC__1SDV_20160805T164828_20160805T164856_012468_0137BE_A6CA</product_id>
         <product_id UUID="a74dcd6d-9c89-4255-9514-b5fd6d680834" ORBIT_TYPE="POEORB">S1A_IW_SLC__1SDV_20160817T164829_20160817T164856_012643_013D7A_60E6</product_id>
         <product_id UUID="c677f630-8093-40d7-82d8-5bfde12db50a" ORBIT_TYPE="POEORB">S1A_IW_SLC__1SDV_20160829T164839_20160829T164906_012818_01436B_CBB9</product_id>
         <product_id UUID="8f2a728d-0d42-4e73-8265-20ca3d83d229" ORBIT_TYPE="POEORB">S1A_IW_SLC__1SDV_20160910T164829_20160910T164856_012993_01490C_53B5</product_id>
         <product_id UUID="688fb6f6-0fbe-4dca-9c10-eb44d8c1112a" ORBIT_TYPE="POEORB">S1A_IW_SLC__1SDV_20160922T164830_20160922T164858_013168_014EE2_FB5E</product_id>
         <product_id UUID="6c848125-1bcc-4073-aadd-4b46e52d4589" ORBIT_TYPE="POEORB">S1B_IW_SLC__1SDV_20160928T164758_20160928T164825_002272_003D3A_21DD</product_id>
         <product_id UUID="17080401-b077-48ba-b708-830b34aa4a33" ORBIT_TYPE="POEORB">S1A_IW_SLC__1SDV_20161004T164830_20161004T164858_013343_015470_1F60</product_id>
         <product_id UUID="747d245c-f90a-4c48-b256-954da3e8d2a8" ORBIT_TYPE="POEORB">S1B_IW_SLC__1SDV_20161010T164758_20161010T164825_002447_00420E_7753</product_id>
         <product_id UUID="d5d71b2f-56a4-4465-a5f8-70090e04be6d" ORBIT_TYPE="POEORB">S1A_IW_SLC__1SDV_20161016T164830_20161016T164857_013518_0159FB_E416</product_id>
         <product_id UUID="c3b26a18-2109-4681-9bc3-c315c26d45cd" ORBIT_TYPE="POEORB">S1B_IW_SLC__1SDV_20161022T164758_20161022T164825_002622_0046E0_4008</product_id>
         <product_id UUID="3d7645eb-3c61-450c-9706-c88f3df8b825" ORBIT_TYPE="POEORB">S1A_IW_SLC__1SDV_20161028T164830_20161028T164858_013693_015F63_FE04</product_id>
         <product_id UUID="7b62fb40-33c4-451b-bd19-6442be78e092" ORBIT_TYPE="POEORB">S1B_IW_SLC__1SDV_20161103T164758_20161103T164825_002797_004BC4_E5C8</product_id>
         <product_id UUID="129263dd-367f-4984-a31e-1e182841451e" ORBIT_TYPE="POEORB">S1A_IW_SLC__1SDV_20161109T164830_20161109T164857_013868_0164E8_2DF1</product_id>
         <product_id UUID="ec954254-64e2-4261-8864-415c87fb336e" ORBIT_TYPE="POEORB">S1B_IW_SLC__1SDV_20161115T164758_20161115T164825_002972_0050C0_340C</product_id>
         <product_id UUID="c7535dd2-4379-4c7e-aac7-db904094ec8b" ORBIT_TYPE="POEORB">S1A_IW_SLC__1SDV_20161121T164830_20161121T164857_014043_016A3D_96A3</product_id>
         <product_id UUID="c4c360a6-2e71-49a3-aa60-50b8c52c0d13" ORBIT_TYPE="POEORB">S1B_IW_SLC__1SDV_20161127T164758_20161127T164825_003147_0055A3_48AA</product_id>
         <product_id UUID="3e5e3367-eb72-428a-a443-a989945b78ce" ORBIT_TYPE="POEORB">S1A_IW_SLC__1SDV_20161203T164829_20161203T164857_014218_016FAF_B752</product_id>
         <product_id UUID="63ecc068-e1e4-49c2-904a-a0ec3a55d5c7" ORBIT_TYPE="POEORB">S1B_IW_SLC__1SDV_20161209T164757_20161209T164824_003322_005AB6_4A15</product_id>
         <product_id UUID="8998eb8f-0793-4aa2-9622-f8de56610a77" ORBIT_TYPE="POEORB">S1A_IW_SLC__1SDV_20161215T164829_20161215T164856_014393_01753E_005A</product_id>
         <product_id UUID="49f90978-ab8d-488e-908d-83960feeb223" ORBIT_TYPE="POEORB">S1B_IW_SLC__1SDV_20161221T164757_20161221T164824_003497_005FA3_0C17</product_id>
         <product_id UUID="51196045-bf66-48ed-ab2c-7d4afd70043e" ORBIT_TYPE="POEORB">S1A_IW_SLC__1SDV_20161227T164829_20161227T164857_014568_017AAD_A6D9</product_id>
         <product_id UUID="a863d25d-f1aa-44a7-bb4e-8d94959308b9" ORBIT_TYPE="POEORB">S1B_IW_SLC__1SDV_20170102T164755_20170102T164822_003672_0064CF_9327</product_id>
         <product_id UUID="272b5255-bc9d-4fe4-a0c6-112cfaa5d9f7" ORBIT_TYPE="POEORB">S1A_IW_SLC__1SDV_20170108T164827_20170108T164855_014743_017FFA_658C</product_id>
         <product_id UUID="ee613a2c-b66b-4861-b10d-49065175e834" ORBIT_TYPE="POEORB">S1B_IW_SLC__1SDV_20170114T164755_20170114T164822_003847_0069E5_C6AA</product_id>
         <product_id UUID="2a71c59c-1021-4275-b516-9d3ed57ef51f" ORBIT_TYPE="POEORB">S1A_IW_SLC__1SDV_20170120T164827_20170120T164854_014918_01857D_98F7</product_id>
         <product_id UUID="e3c53ec5-b66f-400a-aa00-2523de122f4f" ORBIT_TYPE="POEORB">S1B_IW_SLC__1SDV_20170126T164755_20170126T164822_004022_006F28_D386</product_id>
         <product_id UUID="3cc057f6-96a7-49bf-ae2b-08ff293c5c30" ORBIT_TYPE="POEORB">S1A_IW_SLC__1SDV_20170201T164826_20170201T164853_015093_018AC1_635B</product_id>
         <product_id UUID="f343c388-2383-495c-84ac-6aea68e3abf5" ORBIT_TYPE="POEORB">S1B_IW_SLC__1SDV_20170207T164754_20170207T164821_004197_007452_C1AC</product_id>
         <product_id UUID="ccdd0534-5818-4d0c-9337-4a1cc5abb374" ORBIT_TYPE="POEORB">S1A_IW_SLC__1SDV_20170213T164826_20170213T164854_015268_019045_8BE1</product_id>
         <product_id UUID="7955d18d-5585-495b-94b9-fca443f51023" ORBIT_TYPE="POEORB">S1B_IW_SLC__1SDV_20170219T164754_20170219T164821_004372_00799C_0A0E</product_id>
         <product_id UUID="51adc6d6-8d8d-464a-9ea5-d02c69a8b52d" ORBIT_TYPE="POEORB">S1A_IW_SLC__1SDV_20170225T164826_20170225T164853_015443_019599_3E37</product_id>
         <product_id UUID="a5ca9baf-a271-4011-95b6-b75b52fc471e" ORBIT_TYPE="POEORB">S1B_IW_SLC__1SDV_20170303T164754_20170303T164821_004547_007EBC_A240</product_id>
         <product_id UUID="33a6105f-77a0-4582-a6da-349ca77f3f73" ORBIT_TYPE="POEORB">S1A_IW_SLC__1SDV_20170309T164826_20170309T164854_015618_019AE9_7F36</product_id>
         <product_id UUID="8886be49-1816-40a7-871a-0aff2e99e078" ORBIT_TYPE="POEORB">S1B_IW_SLC__1SDV_20170315T164754_20170315T164822_004722_0083E9_4455</product_id>
         <product_id UUID="f45f853d-27f8-4409-820d-7dd8b7333795" ORBIT_TYPE="POEORB">S1A_IW_SLC__1SDV_20170321T164826_20170321T164854_015793_01A01C_7E78</product_id>
         <product_id UUID="8aa71bab-b8da-43d4-b67d-d9067e4696e3" ORBIT_TYPE="POEORB">S1B_IW_SLC__1SDV_20170327T164755_20170327T164822_004897_0088E7_3C06</product_id>
         <product_id UUID="395a7fb4-9b2c-49a5-9767-8cfa3ed28223" ORBIT_TYPE="POEORB">S1A_IW_SLC__1SDV_20170402T164827_20170402T164855_015968_01A54C_A0B3</product_id>
         <product_id UUID="16b906ec-8ad4-4f13-85f8-82b89fa3f796" ORBIT_TYPE="POEORB">S1B_IW_SLC__1SDV_20170408T164755_20170408T164822_005072_008DF5_7A81</product_id>
         <product_id UUID="5c0495ea-a992-49e4-bb47-539d2b3fa155" ORBIT_TYPE="POEORB">S1A_IW_SLC__1SDV_20170414T164827_20170414T164855_016143_01AAA2_67F0</product_id>
         <product_id UUID="d8c27df9-6e8a-4c84-8b63-f6d871749945" ORBIT_TYPE="POEORB">S1B_IW_SLC__1SDV_20170420T164756_20170420T164823_005247_009304_6638</product_id>
         <product_id UUID="a887c002-d2a7-47b8-8f1c-1c9c7f2fc6db" ORBIT_TYPE="POEORB">S1A_IW_SLC__1SDV_20170426T164828_20170426T164856_016318_01AFF9_0473</product_id>
         <product_id UUID="505ad1f7-8ae0-4b6b-85ef-102a2c651d3f" ORBIT_TYPE="POEORB">S1B_IW_SLC__1SDV_20170502T164756_20170502T164823_005422_009812_5305</product_id>
         <product_id UUID="b9c3e585-3d9b-410e-8d0a-593b14d2c3df" ORBIT_TYPE="POEORB">S1A_IW_SLC__1SDV_20170508T164829_20170508T164857_016493_01B54C_2A2F</product_id>
         <product_id UUID="faa15f13-61ea-4f1f-82fd-4b382ad392d0" ORBIT_TYPE="POEORB">S1B_IW_SLC__1SDV_20170514T164757_20170514T164824_005597_009CDA_836C</product_id>
         <product_id UUID="f8b5a73b-354f-4d22-896c-364d0681a8e4" ORBIT_TYPE="POEORB">S1A_IW_SLC__1SDV_20170520T164829_20170520T164857_016668_01BAA5_B41C</product_id>
         <product_id UUID="7763b291-cf7d-46fb-b6a3-b2f75782f79c" ORBIT_TYPE="POEORB">S1B_IW_SLC__1SDV_20170526T164757_20170526T164824_005772_00A1DD_7952</product_id>
         <product_id UUID="09227f15-03c0-459f-97be-892f10b788f7" ORBIT_TYPE="POEORB">S1A_IW_SLC__1SDV_20170601T164836_20170601T164903_016843_01C00B_E1E6</product_id>
         <product_id UUID="d3c496b4-0085-4462-8646-0bbb0712fb2e" ORBIT_TYPE="POEORB">S1B_IW_SLC__1SDV_20170607T164756_20170607T164823_005947_00A6EF_8A06</product_id>
         <product_id UUID="d18cad0c-1902-466d-b1f2-3e953f92f8e3" ORBIT_TYPE="POEORB">S1A_IW_SLC__1SDV_20170613T164837_20170613T164904_017018_01C579_14EC</product_id>
         <product_id UUID="b73739fb-727e-4469-8966-a8f639b36963" ORBIT_TYPE="POEORB">S1B_IW_SLC__1SDV_20170619T164756_20170619T164823_006122_00AC13_A26C</product_id>
         <product_id UUID="d8718758-3325-443f-803d-863e116ce0f4" ORBIT_TYPE="POEORB">S1A_IW_SLC__1SDV_20170625T164838_20170625T164905_017193_01CAD0_D0C1</product_id>
         <product_id UUID="2b865fbf-647e-41a3-829d-7fb458999f00" ORBIT_TYPE="POEORB">S1B_IW_SLC__1SDV_20170701T164757_20170701T164824_006297_00B124_E82D</product_id>
         <product_id UUID="ec70f6ac-949c-41fe-9ae0-d096ff2975ae" ORBIT_TYPE="POEORB">S1A_IW_SLC__1SDV_20170707T164838_20170707T164905_017368_01D011_69A8</product_id>
         <product_id UUID="019eeb7e-c81a-47cd-91cf-3fbd6bb7a02b" ORBIT_TYPE="POEORB">S1B_IW_SLC__1SDV_20170713T164758_20170713T164825_006472_00B613_4754</product_id>
         <product_id UUID="503d5274-c814-4868-93e5-ac778550f10a" ORBIT_TYPE="POEORB">S1A_IW_SLC__1SDV_20170719T164839_20170719T164906_017543_01D56C_1494</product_id>
         <product_id UUID="e4b9a966-32ca-4a35-b723-a84cbb971a35" ORBIT_TYPE="POEORB">S1B_IW_SLC__1SDV_20170725T164758_20170725T164825_006647_00BB10_5DFE</product_id>
         <product_id UUID="9ddd490c-41d8-4742-b6bc-061829decdc3" ORBIT_TYPE="POEORB">S1A_IW_SLC__1SDV_20170731T164840_20170731T164907_017718_01DAC6_C415</product_id>
         <product_id UUID="eb895f28-9cde-4698-bae7-22c6ccef7b7d" ORBIT_TYPE="POEORB">S1B_IW_SLC__1SDV_20170806T164759_20170806T164826_006822_00C01B_0DFF</product_id>
         <product_id UUID="c3428e1c-d8fa-45e0-a1c5-f33b3338ec2a" ORBIT_TYPE="POEORB">S1A_IW_SLC__1SDV_20170812T164840_20170812T164907_017893_01E016_E22C</product_id>
         <product_id UUID="2acbabca-e693-4d32-b4bb-374467b2ccb4" ORBIT_TYPE="POEORB">S1B_IW_SLC__1SDV_20170818T164759_20170818T164826_006997_00C53A_6FC9</product_id>
         <product_id UUID="de03b4db-1d55-424d-b4d1-c77afde7e0eb" ORBIT_TYPE="POEORB">S1A_IW_SLC__1SDV_20170824T164841_20170824T164908_018068_01E560_7571</product_id>
         <product_id UUID="5a206dcc-42cb-4c3b-baaf-53de9d3b4026" ORBIT_TYPE="POEORB">S1B_IW_SLC__1SDV_20170830T164800_20170830T164827_007172_00CA41_BE00</product_id>
         <product_id UUID="64acab07-d2ea-4460-9236-95b4496542ec" ORBIT_TYPE="POEORB">S1A_IW_SLC__1SDV_20170905T164841_20170905T164908_018243_01EAB4_B465</product_id>
         <product_id UUID="6071e133-9311-49ae-84ba-1b5ec6b03e4a" ORBIT_TYPE="POEORB">S1B_IW_SLC__1SDV_20170911T164800_20170911T164828_007347_00CF69_EDFD</product_id>
         <product_id UUID="d6cacdf5-476b-4b79-bc4e-0d7650d1b9e1" ORBIT_TYPE="POEORB">S1A_IW_SLC__1SDV_20170917T164842_20170917T164909_018418_01F028_3D74</product_id>
         <product_id UUID="1b54e56a-1aab-4560-9b0c-9b8f74f70489" ORBIT_TYPE="POEORB">S1B_IW_SLC__1SDV_20170923T164801_20170923T164828_007522_00D47B_06D7</product_id>
         <product_id UUID="2d908ce2-7212-4908-8f5f-f2850327195c" ORBIT_TYPE="POEORB">S1A_IW_SLC__1SDV_20170929T164842_20170929T164909_018593_01F57F_D16E</product_id>
         <product_id UUID="d9cbf816-0548-4484-a0ac-b93baa8603e8" ORBIT_TYPE="POEORB">S1B_IW_SLC__1SDV_20171005T164801_20171005T164828_007697_00D97E_0DCE</product_id>
         <product_id UUID="8d1bd8f6-5f38-4fb1-9f78-6bb1655e24ae" ORBIT_TYPE="POEORB">S1A_IW_SLC__1SDV_20171011T164842_20171011T164909_018768_01FACF_E35E</product_id>
         <product_id UUID="53d0b063-697b-48a0-b107-116960425151" ORBIT_TYPE="POEORB">S1B_IW_SLC__1SDV_20171017T164801_20171017T164828_007872_00DE73_E0A1</product_id>
         <product_id UUID="1193cd98-5d48-44d6-b6a0-4e21534deb82" ORBIT_TYPE="POEORB">S1A_IW_SLC__1SDV_20171023T164843_20171023T164909_018943_020031_6178</product_id>
         <product_id UUID="dbe0c809-fe21-492c-a82a-7134679f12ea" ORBIT_TYPE="POEORB">S1B_IW_SLC__1SDV_20171029T164801_20171029T164828_008047_00E381_458A</product_id>
         <product_id UUID="2d60f87d-d09b-427a-ab37-690d45d2983b" ORBIT_TYPE="POEORB">S1A_IW_SLC__1SDV_20171104T164842_20171104T164909_019118_020587_2B05</product_id>
         <product_id UUID="b8c3a5f3-581d-46ea-aab0-4bb1063dbd2e" ORBIT_TYPE="POEORB">S1B_IW_SLC__1SDV_20171110T164801_20171110T164828_008222_00E89E_9DFA</product_id>
         <product_id UUID="d8b0ca97-9806-4390-b26f-16119d31eb6a" ORBIT_TYPE="POEORB">S1A_IW_SLC__1SDV_20171116T164842_20171116T164909_019293_020AFD_B59C</product_id>
         <product_id UUID="b7654ea0-ac43-4071-9918-be4b54fbf7ac" ORBIT_TYPE="POEORB">S1B_IW_SLC__1SDV_20171122T164801_20171122T164828_008397_00EDEB_92A4</product_id>
         <product_id UUID="10ed6b8d-d2c3-433c-9f4a-b90953661868" ORBIT_TYPE="POEORB">S1A_IW_SLC__1SDV_20171128T164842_20171128T164909_019468_021086_0D17</product_id>
         <product_id UUID="5e93a33b-55cb-4348-b8c3-3aa5f04ab7bb" ORBIT_TYPE="POEORB">S1B_IW_SLC__1SDV_20171204T164801_20171204T164828_008572_00F375_FA69</product_id>
         <product_id UUID="09cbce6b-ee3a-4848-be51-15e2b20ba412" ORBIT_TYPE="POEORB">S1A_IW_SLC__1SDV_20171210T164841_20171210T164908_019643_0215FB_F9EC</product_id>
         <product_id UUID="5dc534d5-91c6-4729-b097-c2534d50e450" ORBIT_TYPE="POEORB">S1B_IW_SLC__1SDV_20171216T164800_20171216T164827_008747_00F904_22CB</product_id>
         <product_id UUID="d3137557-420c-449b-86c0-f26cb41706c0" ORBIT_TYPE="POEORB">S1A_IW_SLC__1SDV_20171222T164841_20171222T164908_019818_021B5D_D94D</product_id>
         <product_id UUID="0f5ea721-1fde-4e7d-b007-5041c1df17a8" ORBIT_TYPE="POEORB">S1B_IW_SLC__1SDV_20171228T164800_20171228T164827_008922_00FE9F_D508</product_id>
         <product_id UUID="4245c1f8-7b14-442c-96e3-381de96c15ad" ORBIT_TYPE="POEORB">S1A_IW_SLC__1SDV_20180103T164840_20180103T164907_019993_0220E2_D4F4</product_id>
         <product_id UUID="95df9f3b-0bea-4803-9f09-65cb16483673" ORBIT_TYPE="POEORB">S1B_IW_SLC__1SDV_20180109T164759_20180109T164826_009097_010452_0D62</product_id>
         <product_id UUID="68380348-bba5-453b-b557-a27fa12b6dc2" ORBIT_TYPE="POEORB">S1A_IW_SLC__1SDV_20180115T164840_20180115T164907_020168_02266F_0011</product_id>
         <product_id UUID="d8a824da-2b37-4087-a14f-7b49b411924e" ORBIT_TYPE="POEORB">S1B_IW_SLC__1SDV_20180121T164759_20180121T164826_009272_010A05_10E8</product_id>
         <product_id UUID="436a39c8-5323-48fb-ab35-3654d5b03df2" ORBIT_TYPE="POEORB">S1A_IW_SLC__1SDV_20180127T164840_20180127T164907_020343_022BFA_9609</product_id>
         <product_id UUID="03c990b4-7ac6-4784-a0dc-d675ceb01802" ORBIT_TYPE="POEORB">S1B_IW_SLC__1SDV_20180202T164758_20180202T164825_009447_010FC0_066D</product_id>
         <product_id UUID="fc9e8d1a-1846-489b-9050-d858833b4813" ORBIT_TYPE="POEORB">S1A_IW_SLC__1SDV_20180208T164839_20180208T164906_020518_023193_76CF</product_id>
         <product_id UUID="fbd5da96-5d72-4951-a450-2c5b1d6d8303" ORBIT_TYPE="POEORB">S1B_IW_SLC__1SDV_20180214T164758_20180214T164825_009622_011586_BF89</product_id>
         <product_id UUID="03a3fb7a-716c-40f2-a46b-3c3b5935e6f2" ORBIT_TYPE="POEORB">S1A_IW_SLC__1SDV_20180220T164839_20180220T164906_020693_023723_2E2E</product_id>
         <product_id UUID="bee5a132-ef66-4078-8a4a-716ef5be6f34" ORBIT_TYPE="POEORB">S1B_IW_SLC__1SDV_20180226T164758_20180226T164825_009797_011B50_F096</product_id>
         <product_id UUID="5e1cac06-81fd-47ce-9d54-5c774788f883" ORBIT_TYPE="POEORB">S1A_IW_SLC__1SDV_20180304T164839_20180304T164906_020868_023CAC_130D</product_id>
         <product_id UUID="a3209c1d-d3de-4586-b050-210c6d856dfa" ORBIT_TYPE="POEORB">S1B_IW_SLC__1SDV_20180310T164758_20180310T164825_009972_01212E_5F8E</product_id>
         <product_id UUID="e1856ed9-0150-4916-b166-73dab1068719" ORBIT_TYPE="POEORB">S1A_IW_SLC__1SDV_20180316T164839_20180316T164906_021043_02423A_ADFA</product_id>
         <product_id UUID="717d2652-ceb5-47fb-ac3f-e3911b0e0111" ORBIT_TYPE="POEORB">S1B_IW_SLC__1SDV_20180322T164758_20180322T164825_010147_0126E0_35A6</product_id>
         <product_id UUID="959ee6f9-8bb9-4abb-8c05-9e7dc5f79f30" ORBIT_TYPE="POEORB">S1A_IW_SLC__1SDV_20180328T164840_20180328T164907_021218_0247CA_FF0C</product_id>
         <product_id UUID="f74166a8-e7f5-40a0-979e-a0a75a6f8bb4" ORBIT_TYPE="POEORB">S1B_IW_SLC__1SDV_20180403T164759_20180403T164826_010322_012C8F_C19A</product_id>
         <product_id UUID="ed5531c1-c85d-4378-a8c2-a01a6b21042a" ORBIT_TYPE="POEORB">S1A_IW_SLC__1SDV_20180409T164840_20180409T164907_021393_024D4A_C7B4</product_id>
         <product_id UUID="d216b78b-8133-49d5-ae7a-1dbf7cef731a" ORBIT_TYPE="POEORB">S1B_IW_SLC__1SDV_20180415T164759_20180415T164826_010497_01322B_A11A</product_id>
         <product_id UUID="628b3be2-b654-4162-8627-eab96c30df05" ORBIT_TYPE="POEORB">S1A_IW_SLC__1SDV_20180421T164840_20180421T164907_021568_0252BB_1168</product_id>
         <product_id UUID="35619c64-dcc1-483d-b58e-5e0e7659fc56" ORBIT_TYPE="POEORB">S1B_IW_SLC__1SDV_20180427T164800_20180427T164827_010672_0137C2_18CE</product_id>
         <product_id UUID="156678e3-5205-42c8-ab77-79a2fb329b58" ORBIT_TYPE="POEORB">S1A_IW_SLC__1SDV_20180503T164841_20180503T164908_021743_02583B_169E</product_id>
         <product_id UUID="d015ec7c-249b-4e30-bd6d-2e8a16288b85" ORBIT_TYPE="POEORB">S1B_IW_SLC__1SDV_20180509T164800_20180509T164827_010847_013D6C_0E4C</product_id>
         <product_id UUID="38d7ef11-30ab-4af3-a010-f663fb7845e5" ORBIT_TYPE="POEORB">S1A_IW_SLC__1SDV_20180515T164842_20180515T164909_021918_025DD9_87A3</product_id>
         <product_id UUID="9568bd2d-0025-4ba7-bac5-0400f58e82af" ORBIT_TYPE="POEORB">S1B_IW_SLC__1SDV_20180521T164801_20180521T164828_011022_014316_D783</product_id>
         <product_id UUID="de5aecca-cae9-4f13-a7d7-49a0570d23cb" ORBIT_TYPE="POEORB">S1A_IW_SLC__1SDV_20180527T164842_20180527T164909_022093_026364_9545</product_id>
         <product_id UUID="1f3b4436-5eee-443d-985d-79f99131cf63" ORBIT_TYPE="POEORB">S1B_IW_SLC__1SDV_20180602T164801_20180602T164829_011197_0148C0_D769</product_id>
         <product_id UUID="d2d397ab-b8c6-464f-a551-24392675740d" ORBIT_TYPE="POEORB">S1A_IW_SLC__1SDV_20180608T164843_20180608T164910_022268_0268E3_75A6</product_id>
         <product_id UUID="723a5469-a401-47ba-b23c-576100694b53" ORBIT_TYPE="POEORB">S1B_IW_SLC__1SDV_20180614T164802_20180614T164830_011372_014E28_AF4A</product_id>
         <product_id UUID="6e24659d-45ce-4fb2-b73b-f4854c73be7d" ORBIT_TYPE="POEORB">S1A_IW_SLC__1SDV_20180620T164844_20180620T164911_022443_026E39_2420</product_id>
         <product_id UUID="e8e20371-feec-46dd-8ff8-5e1f2f6206c6" ORBIT_TYPE="POEORB">S1B_IW_SLC__1SDV_20180626T164803_20180626T164830_011547_015393_DA0C</product_id>
         <product_id UUID="23b83b05-06ca-463b-825c-f740406f597a" ORBIT_TYPE="POEORB">S1A_IW_SLC__1SDV_20180702T164844_20180702T164911_022618_027351_AC00</product_id>
         <product_id UUID="f6edcc9b-e7e4-42d4-a9a5-745695d87cf6" ORBIT_TYPE="POEORB">S1B_IW_SLC__1SDV_20180708T164804_20180708T164831_011722_015902_5A1B</product_id>
         <product_id UUID="20bea880-35fd-4f3d-9d5d-efaff6b7d12c" ORBIT_TYPE="POEORB">S1A_IW_SLC__1SDV_20180714T164845_20180714T164912_022793_02788C_1027</product_id>
         <product_id UUID="51ba2302-60ac-454d-a64b-c7aaba541461" ORBIT_TYPE="POEORB">S1B_IW_SLC__1SDV_20180720T164805_20180720T164832_011897_015E5F_FB36</product_id>
         <product_id UUID="cea90228-e73d-47ea-a88a-d821b73bd221" ORBIT_TYPE="POEORB">S1A_IW_SLC__1SDV_20180726T164846_20180726T164913_022968_027E14_21C0</product_id>
         <product_id UUID="740e476a-d098-4bba-8180-0e942cb05330" ORBIT_TYPE="POEORB">S1B_IW_SLC__1SDV_20180801T164805_20180801T164832_012072_0163A6_8911</product_id>
         <product_id UUID="0c4a73c5-084d-4e77-a689-eb5a62db7835" ORBIT_TYPE="POEORB">S1A_IW_SLC__1SDV_20180807T164847_20180807T164913_023143_02838C_020D</product_id>
         <product_id UUID="e873e7a4-29ea-4283-baf8-6925c6f76b15" ORBIT_TYPE="POEORB">S1B_IW_SLC__1SDV_20180813T164806_20180813T164833_012247_01690E_4D6C</product_id>
         <product_id UUID="313fc9d0-e3d9-4a75-a385-4932cf27fb52" ORBIT_TYPE="POEORB">S1A_IW_SLC__1SDV_20180819T164847_20180819T164914_023318_02893A_F583</product_id>
         <product_id UUID="569b2a23-c776-48b9-ac3a-10336fd84b5c" ORBIT_TYPE="POEORB">S1B_IW_SLC__1SDV_20180825T164807_20180825T164834_012422_016E7A_F1C0</product_id>
         <product_id UUID="1fe89ec1-7b14-4ff9-8a4d-8e9f0d144e40" ORBIT_TYPE="POEORB">S1A_IW_SLC__1SDV_20180831T164848_20180831T164915_023493_028EC7_A932</product_id>
         <product_id UUID="bc3147f2-f2c3-4ec6-bf78-8df4ff26f9be" ORBIT_TYPE="POEORB">S1B_IW_SLC__1SDV_20180906T164807_20180906T164834_012597_0173E2_1794</product_id>
         <product_id UUID="ae28c5ff-772f-4d17-833c-6668ddf738e7" ORBIT_TYPE="POEORB">S1A_IW_SLC__1SDV_20180912T164848_20180912T164915_023668_02945E_6A70</product_id>
         <product_id UUID="6cd4e48b-da3b-4389-9ec2-a33ae15f658d" ORBIT_TYPE="POEORB">S1B_IW_SLC__1SDV_20180918T164808_20180918T164835_012772_01793C_0B81</product_id>
         <product_id UUID="45edf744-1129-4374-9e00-bb597755091d" ORBIT_TYPE="POEORB">S1A_IW_SLC__1SDV_20180924T164849_20180924T164916_023843_029A13_5561</product_id>
         <product_id UUID="58fa8d41-334d-4197-9cd2-8663cf5530d6" ORBIT_TYPE="POEORB">S1B_IW_SLC__1SDV_20180930T164808_20180930T164835_012947_017E9A_A286</product_id>
         <product_id UUID="55c2ddfc-882d-410b-b8f9-ff2239af45b4" ORBIT_TYPE="POEORB">S1A_IW_SLC__1SDV_20181006T164849_20181006T164916_024018_029FCA_2B1D</product_id>
         <product_id UUID="7d906cdf-6396-4bd3-911b-543dafe5137a" ORBIT_TYPE="POEORB">S1B_IW_SLC__1SDV_20181012T164808_20181012T164835_013122_0183E9_88AE</product_id>
         <product_id UUID="54b88cae-be78-48fd-b09b-c7171cdb160e" ORBIT_TYPE="POEORB">S1A_IW_SLC__1SDV_20181018T164849_20181018T164916_024193_02A580_25DA</product_id>
         <product_id UUID="35bc74ba-543e-449c-8dc7-a10294afb08b" ORBIT_TYPE="POEORB">S1B_IW_SLC__1SDV_20181024T164808_20181024T164835_013297_018956_8D35</product_id>
         <product_id UUID="c9947f52-31d5-4ecc-af2a-e87bdf017a79" ORBIT_TYPE="POEORB">S1A_IW_SLC__1SDV_20181030T164849_20181030T164916_024368_02AB20_B5A2</product_id>
         <product_id UUID="ac097fbe-9aee-4667-a7e0-28bf6866bc5f" ORBIT_TYPE="POEORB">S1B_IW_SLC__1SDV_20181105T164808_20181105T164835_013472_018ED4_1DFC</product_id>
         <product_id UUID="c81af11c-0895-48be-abac-cce4b2076fb1" ORBIT_TYPE="POEORB">S1A_IW_SLC__1SDV_20181111T164849_20181111T164916_024543_02B17B_D86E</product_id>
         <product_id UUID="7dee4800-d187-441e-8934-c7c74ecb83e9" ORBIT_TYPE="POEORB">S1B_IW_SLC__1SDV_20181117T164808_20181117T164835_013647_019452_50C3</product_id>
         <product_id UUID="9e7f42f6-27e1-440e-b37b-2f1dfa354866" ORBIT_TYPE="POEORB">S1A_IW_SLC__1SDV_20181123T164849_20181123T164915_024718_02B7EB_9FAE</product_id>
         <product_id UUID="ed53638b-d22d-4dee-b142-d8642bcaf759" ORBIT_TYPE="POEORB">S1B_IW_SLC__1SDV_20181129T164807_20181129T164834_013822_0199E9_BD59</product_id>
         <product_id UUID="2326fb99-0dfc-46b4-a94a-6e2e1a57b6aa" ORBIT_TYPE="POEORB">S1A_IW_SLC__1SDV_20181205T164848_20181205T164915_024893_02BDD3_A494</product_id>
         <product_id UUID="3bf3d55e-3673-4bcc-b310-fa94cca3eea9" ORBIT_TYPE="POEORB">S1B_IW_SLC__1SDV_20181211T164807_20181211T164834_013997_019F94_EFBB</product_id>
         <product_id UUID="653d2182-d38c-4cb0-b87c-6acdd55931cb" ORBIT_TYPE="POEORB">S1A_IW_SLC__1SDV_20181217T164848_20181217T164915_025068_02C424_1FA4</product_id>
         <product_id UUID="4af46b24-a174-45d1-bd15-fb18a3529a07" ORBIT_TYPE="POEORB">S1B_IW_SLC__1SDV_20181223T164807_20181223T164834_014172_01A561_D2E0</product_id>
         <product_id UUID="aa14d3f8-ad7f-4ec9-95da-fb4b57ada05d" ORBIT_TYPE="POEORB">S1A_IW_SLC__1SDV_20181229T164847_20181229T164914_025243_02CA7D_7389</product_id>
         <product_id UUID="4c035b58-33df-41ec-897e-c77e3c257bec" ORBIT_TYPE="POEORB">S1B_IW_SLC__1SDV_20190104T164806_20190104T164833_014347_01AB1F_2785</product_id>
         <product_id UUID="7d40dcc2-1589-4efc-a12d-60bf5a4b7084" ORBIT_TYPE="POEORB">S1A_IW_SLC__1SDV_20190110T164847_20190110T164914_025418_02D0C6_C178</product_id>
         <product_id UUID="63ace7c7-f34d-4772-bc5e-c3da8eff95ed" ORBIT_TYPE="POEORB">S1B_IW_SLC__1SDV_20190116T164806_20190116T164833_014522_01B0C9_A845</product_id>
         <product_id UUID="d2241793-2987-4ab7-921f-e9575ca04707" ORBIT_TYPE="POEORB">S1A_IW_SLC__1SDV_20190122T164846_20190122T164913_025593_02D728_7CEB</product_id>
         <product_id UUID="4fdebb76-b10e-43fc-a907-ef6892d87d08" ORBIT_TYPE="POEORB">S1B_IW_SLC__1SDV_20190128T164805_20190128T164832_014697_01B65F_AB5F</product_id>
         <product_id UUID="855a8cf3-46b1-4509-b822-8a389952a679" ORBIT_TYPE="POEORB">S1A_IW_SLC__1SDV_20190203T164846_20190203T164913_025768_02DD87_D4AF</product_id>
         <product_id UUID="9b84ead9-c6fd-4e1e-b9cd-040d18fa2fe3" ORBIT_TYPE="POEORB">S1B_IW_SLC__1SDV_20190209T164805_20190209T164832_014872_01BC20_1E81</product_id>
         <product_id UUID="a108fe63-abb7-4d83-b4fa-39d65fb75d82" ORBIT_TYPE="POEORB">S1A_IW_SLC__1SDV_20190215T164846_20190215T164913_025943_02E3BF_B0B1</product_id>
         <product_id UUID="8cc1d2b4-dd3c-4ab6-bf69-5d6bca63c231" ORBIT_TYPE="POEORB">S1B_IW_SLC__1SDV_20190221T164805_20190221T164832_015047_01C1DC_4AE0</product_id>
         <product_id UUID="cd33e680-a376-4275-8fa8-05ef71998c1b" ORBIT_TYPE="POEORB">S1A_IW_SLC__1SDV_20190227T164846_20190227T164913_026118_02E9F6_4901</product_id>
         <product_id UUID="a9a01f34-a461-4403-9e48-ca0a6b89697c" ORBIT_TYPE="POEORB">S1B_IW_SLC__1SDV_20190305T164805_20190305T164832_015222_01C7A4_D710</product_id>
         <product_id UUID="0e420bc3-c0f6-46fb-9479-606d68b8dde4" ORBIT_TYPE="POEORB">S1A_IW_SLC__1SDV_20190311T164846_20190311T164913_026293_02F04F_AD7C</product_id>
         <product_id UUID="0a936850-5d8d-4573-b7eb-783f1303459f" ORBIT_TYPE="POEORB">S1B_IW_SLC__1SDV_20190317T164805_20190317T164832_015397_01CD4C_D4DA</product_id>
         <product_id UUID="b8a3743e-a124-4744-a82c-4dddbb7ec4d1" ORBIT_TYPE="POEORB">S1A_IW_SLC__1SDV_20190323T164846_20190323T164913_026468_02F6C6_4305</product_id>
         <product_id UUID="53492df9-70e8-4b36-b579-4836fe24ec26" ORBIT_TYPE="POEORB">S1B_IW_SLC__1SDV_20190329T164805_20190329T164832_015572_01D303_A059</product_id>
         <product_id UUID="26a73245-792a-4391-8a8c-f589cd9c83c1" ORBIT_TYPE="POEORB">S1A_IW_SLC__1SDV_20190404T164846_20190404T164913_026643_02FD3F_C31F</product_id>
         <product_id UUID="264e3842-b61b-46dc-9883-e0b0c6e64e48" ORBIT_TYPE="POEORB">S1B_IW_SLC__1SDV_20190410T164805_20190410T164832_015747_01D8D6_A976</product_id>
         <product_id UUID="7560c064-093a-4253-8c9c-433f2bdf28b4" ORBIT_TYPE="POEORB">S1A_IW_SLC__1SDV_20190416T164846_20190416T164913_026818_03039C_0B69</product_id>
         <product_id UUID="0d7e32ee-ca60-4911-94c5-f9bb576accf3" ORBIT_TYPE="POEORB">S1B_IW_SLC__1SDV_20190422T164806_20190422T164833_015922_01DE9F_CD8F</product_id>
         <product_id UUID="7df5170c-3d32-4da9-b1f9-17678b5a7f66" ORBIT_TYPE="POEORB">S1A_IW_SLC__1SDV_20190428T164847_20190428T164914_026993_0309EC_5412</product_id>
         <product_id UUID="7d96a25e-236d-40cd-89e6-a5002bd1cbb0" ORBIT_TYPE="POEORB">S1B_IW_SLC__1SDV_20190504T164806_20190504T164834_016097_01E47B_D369</product_id>
         <product_id UUID="d20a2820-ac11-403e-9300-1db1809b9c31" ORBIT_TYPE="POEORB">S1A_IW_SLC__1SDV_20190510T164847_20190510T164914_027168_031003_7E11</product_id>
         <product_id UUID="a7993a6a-10d0-48cb-a457-36c26664e22c" ORBIT_TYPE="POEORB">S1B_IW_SLC__1SDV_20190516T164807_20190516T164834_016272_01E9FB_D36F</product_id>
         <product_id UUID="726dbdca-c702-4e0a-9dda-76ccecf5c0f2" ORBIT_TYPE="POEORB">S1A_IW_SLC__1SDV_20190522T164848_20190522T164915_027343_03157F_D95E</product_id>
         <product_id UUID="52212e8c-0622-4a09-95a6-d7cc71eb1fcb" ORBIT_TYPE="POEORB">S1B_IW_SLC__1SDV_20190528T164808_20190528T164835_016447_01EF5C_8151</product_id>
         <product_id UUID="058fcc6e-8eb4-4142-a239-8d5e0e7557ff" ORBIT_TYPE="POEORB">S1A_IW_SLC__1SDV_20190603T164849_20190603T164916_027518_031AEC_7EDB</product_id>
         <product_id UUID="f48c8913-66ac-4edb-835c-1f1fc9814885" ORBIT_TYPE="POEORB">S1B_IW_SLC__1SDV_20190609T164808_20190609T164835_016622_01F492_2163</product_id>
         <product_id UUID="86a6f0f7-9a93-44f1-9f6d-3b8de27d43b4" ORBIT_TYPE="POEORB">S1A_IW_SLC__1SDV_20190615T164849_20190615T164916_027693_032036_A2A4</product_id>
         <product_id UUID="5f787d02-1885-47c3-90e5-e31bd5d7adc7" ORBIT_TYPE="POEORB">S1B_IW_SLC__1SDV_20190621T164809_20190621T164836_016797_01F9C8_008F</product_id>
         <product_id UUID="31fad82b-01f8-4ca0-b5a2-9be0c3c7b7a9" ORBIT_TYPE="POEORB">S1A_IW_SLC__1SDV_20190627T164850_20190627T164917_027868_03256D_1C54</product_id>
         <product_id UUID="0ecda8f0-0220-4057-8c79-3993bb5c2553" ORBIT_TYPE="POEORB">S1B_IW_SLC__1SDV_20190703T164810_20190703T164837_016972_01FEF4_EFC3</product_id>
         <product_id UUID="994b5637-e0e0-4eb1-a251-3f49bffcb5e5" ORBIT_TYPE="POEORB">S1A_IW_SLC__1SDV_20190709T164851_20190709T164918_028043_032AC4_5854</product_id>
         <product_id UUID="7129d8d1-fa01-44fa-b180-5456115479c6" ORBIT_TYPE="POEORB">S1B_IW_SLC__1SDV_20190715T164810_20190715T164837_017147_02041D_1E0E</product_id>
         <product_id UUID="e7c39625-6e20-4991-b60a-1ee2fb07bb1b" ORBIT_TYPE="POEORB">S1A_IW_SLC__1SDV_20190721T164852_20190721T164919_028218_033009_CEBC</product_id>
         <product_id UUID="9f9552ee-062e-43b4-a0f6-6107a67d620e" ORBIT_TYPE="POEORB">S1B_IW_SLC__1SDV_20190727T164811_20190727T164838_017322_020934_9E3C</product_id>
         <product_id UUID="b680e3b2-2083-460b-97e6-e95da7ba8542" ORBIT_TYPE="POEORB">S1A_IW_SLC__1SDV_20190802T164852_20190802T164919_028393_03355E_A839</product_id>
         <product_id UUID="a35b0767-b40a-4c35-9ce8-a7977af3e8a2" ORBIT_TYPE="POEORB">S1B_IW_SLC__1SDV_20190808T164812_20190808T164839_017497_020E7C_1900</product_id>
         <product_id UUID="9fa80e72-fa4f-4acf-b867-06c2ef1b70c8" ORBIT_TYPE="POEORB">S1A_IW_SLC__1SDV_20190814T164853_20190814T164920_028568_033B22_9392</product_id>
         <product_id UUID="456dc105-29e8-403a-b848-152833b84236" ORBIT_TYPE="POEORB">S1B_IW_SLC__1SDV_20190820T164813_20190820T164840_017672_0213F4_C0C8</product_id>
         <product_id UUID="7ad67110-d82b-4af4-bf44-31ee98398227" ORBIT_TYPE="POEORB">S1A_IW_SLC__1SDV_20190826T164854_20190826T164921_028743_03412D_8B3C</product_id>
         <product_id UUID="c9c374a3-5ef0-41a7-be4c-a3fc377e4986" ORBIT_TYPE="POEORB">S1B_IW_SLC__1SDV_20190901T164813_20190901T164840_017847_021963_6CD9</product_id>
         <product_id UUID="6325b9fd-4e5e-4d6c-a5a1-4cb3620c8bc7" ORBIT_TYPE="POEORB">S1A_IW_SLC__1SDV_20190907T164854_20190907T164921_028918_034747_409B</product_id>
         <product_id UUID="80beefe1-92f8-4072-9958-4922e5b08cec" ORBIT_TYPE="POEORB">S1A_IW_SLC__1SDV_20190919T164855_20190919T164922_029093_034D52_76A8</product_id>
         <product_id UUID="3d0557b2-2e20-44f1-b1ff-a3863f406704" ORBIT_TYPE="POEORB">S1B_IW_SLC__1SDV_20190925T164814_20190925T164841_018197_02243F_A0C9</product_id>
         <product_id UUID="ef8b79bd-4c4e-4c77-a4af-8d53ce47820a" ORBIT_TYPE="POEORB">S1A_IW_SLC__1SDV_20191001T164855_20191001T164922_029268_035357_5279</product_id>
         <product_id UUID="38ee2ec1-bb0c-4394-9992-ee79bea0ff7b" ORBIT_TYPE="POEORB">S1B_IW_SLC__1SDV_20191007T164814_20191007T164841_018372_0229C5_4AC0</product_id>
         <product_id UUID="d99359f4-2d08-41e2-948f-256bdd11372b" ORBIT_TYPE="POEORB">S1A_IW_SLC__1SDV_20191013T164855_20191013T164922_029443_03595E_98AD</product_id>
         <product_id UUID="5578ff22-3fc4-4866-b7c8-7ffe095b7156" ORBIT_TYPE="POEORB">S1B_IW_SLC__1SDV_20191019T164815_20191019T164842_018547_022F26_25D9</product_id>
         <product_id UUID="811856e0-0bbd-4070-8c5a-bb15b9dee797" ORBIT_TYPE="POEORB">S1A_IW_SLC__1SDV_20191025T164855_20191025T164922_029618_035F5E_54BE</product_id>
         <product_id UUID="2d5e1e34-4fcd-42f3-886f-be7a10d44ccd" ORBIT_TYPE="POEORB">S1B_IW_SLC__1SDV_20191031T164814_20191031T164841_018722_02349D_D2A9</product_id>
         <product_id UUID="f6afc501-6e47-4d45-ab0d-d4961e06cb18" ORBIT_TYPE="POEORB">S1A_IW_SLC__1SDV_20191106T164855_20191106T164922_029793_03658C_8D09</product_id>
         <product_id UUID="fdc15744-39b2-4d7b-a698-3b74009f6d79" ORBIT_TYPE="POEORB">S1B_IW_SLC__1SDV_20191112T164814_20191112T164841_018897_023A43_5C64</product_id>
         <product_id UUID="fdf0e067-97b0-49d0-9d55-a4e5d581461d" ORBIT_TYPE="POEORB">S1A_IW_SLC__1SDV_20191118T164855_20191118T164922_029968_036BA0_D0DA</product_id>
         <product_id UUID="727488e3-3dc4-4b50-bfd0-5d91e69890ae" ORBIT_TYPE="POEORB">S1B_IW_SLC__1SDV_20191124T164814_20191124T164841_019072_023FE3_52B1</product_id>
         <product_id UUID="86bf1947-1925-4e7d-9654-810a91d97bf8" ORBIT_TYPE="POEORB">S1A_IW_SLC__1SDV_20191130T164855_20191130T164922_030143_0371B1_C82C</product_id>
         <product_id UUID="1733f157-b69b-4dfa-be2c-0038e298a42c" ORBIT_TYPE="POEORB">S1B_IW_SLC__1SDV_20191206T164814_20191206T164841_019247_02456E_0696</product_id>
         <product_id UUID="893d7546-5b56-4ed0-8c1e-f0e30d66774f" ORBIT_TYPE="POEORB">S1A_IW_SLC__1SDV_20191212T164854_20191212T164921_030318_0377BB_D3EA</product_id>
         <product_id UUID="ebf80e24-2fbf-490a-974c-1cb530960fb2" ORBIT_TYPE="POEORB">S1B_IW_SLC__1SDV_20191218T164813_20191218T164840_019422_024B06_271C</product_id>
         <product_id UUID="7050db89-dcc7-4bd3-985d-6d77eaad2fcc" ORBIT_TYPE="POEORB">S1A_IW_SLC__1SDV_20191224T164854_20191224T164921_030493_037DC8_FEF0</product_id>
         <product_id UUID="bcf84397-7cff-4266-a5cd-b3044b7cdfe4" ORBIT_TYPE="POEORB">S1B_IW_SLC__1SDV_20191230T164813_20191230T164840_019597_025095_84BB</product_id>
         <product_id UUID="ae6ce4c1-6a55-42fe-b286-13035917256d" ORBIT_TYPE="POEORB">S1A_IW_SLC__1SDV_20200105T164853_20200105T164920_030668_0383D3_B209</product_id>
         <product_id UUID="296c3dee-3089-4db0-a454-c6cdc97fb42c" ORBIT_TYPE="POEORB">S1B_IW_SLC__1SDV_20200111T164812_20200111T164839_019772_025626_595D</product_id>
         <product_id UUID="46995951-c9e0-4f3f-ab7f-b2cb3a438de6" ORBIT_TYPE="POEORB">S1A_IW_SLC__1SDV_20200117T164853_20200117T164920_030843_0389F3_6DF3</product_id>
         <product_id UUID="177148fb-ce23-4597-bc03-f063ab7e0764" ORBIT_TYPE="POEORB">S1B_IW_SLC__1SDV_20200123T164812_20200123T164839_019947_025BB9_D01B</product_id>
         <product_id UUID="3813e752-e65e-483b-af7f-06cc11f0306b" ORBIT_TYPE="POEORB">S1A_IW_SLC__1SDV_20200129T164852_20200129T164919_031018_03901B_F88E</product_id>
         <product_id UUID="d0a09b49-3012-422f-82b8-d140612b5e52" ORBIT_TYPE="POEORB">S1B_IW_SLC__1SDV_20200204T164811_20200204T164839_020122_026163_E4C1</product_id>
         <product_id UUID="1e3044ab-4893-4e7b-8a8f-0b56b4dc7e8a" ORBIT_TYPE="POEORB">S1A_IW_SLC__1SDV_20200210T164852_20200210T164919_031193_039633_D7BC</product_id>
         <product_id UUID="914f8ddc-42b8-41f2-b3b5-e8caa504ded9" ORBIT_TYPE="POEORB">S1B_IW_SLC__1SDV_20200216T164811_20200216T164838_020297_026705_260E</product_id>
         <product_id UUID="bb715e3a-18ed-4457-a924-408d775218cd" ORBIT_TYPE="POEORB">S1A_IW_SLC__1SDV_20200222T164852_20200222T164919_031368_039C39_A52D</product_id>
         <product_id UUID="a0b19e30-6c42-420d-afa5-bfeadfab6a54" ORBIT_TYPE="POEORB">S1B_IW_SLC__1SDV_20200228T164811_20200228T164838_020472_026CA3_A4C0</product_id>
         <product_id UUID="700b09e4-0ca0-4e0f-b5a5-df810b25ea9a" ORBIT_TYPE="POEORB">S1A_IW_SLC__1SDV_20200305T164852_20200305T164919_031543_03A245_6C12</product_id>
         <product_id UUID="74ce4004-62c8-4c53-bc4f-30d1e186ac50" ORBIT_TYPE="POEORB">S1B_IW_SLC__1SDV_20200311T164811_20200311T164838_020647_027235_D4B1</product_id>
         <product_id UUID="d41ca8b5-1dd8-462d-9c44-e15a8d6d7e46" ORBIT_TYPE="POEORB">S1A_IW_SLC__1SDV_20200317T164852_20200317T164919_031718_03A855_DBC6</product_id>
         <product_id UUID="8bf8714f-81e1-47a1-8706-5fc949d4ac48" ORBIT_TYPE="POEORB">S1B_IW_SLC__1SDV_20200323T164811_20200323T164838_020822_0277BB_5BCA</product_id>
         <product_id UUID="c6b31f5a-e36f-445b-878b-a4ab99d9eacf" ORBIT_TYPE="POEORB">S1A_IW_SLC__1SDV_20200329T164852_20200329T164919_031893_03AE7B_2F92</product_id>
         <product_id UUID="a87e080d-2b89-414a-b7a1-86512c1a9770" ORBIT_TYPE="POEORB">S1B_IW_SLC__1SDV_20200404T164811_20200404T164839_020997_027D45_09C0</product_id>
         <product_id UUID="ef860511-2d4e-428d-a0d0-f550d624fed7" ORBIT_TYPE="POEORB">S1A_IW_SLC__1SDV_20200410T164853_20200410T164920_032068_03B4AD_1F05</product_id>
         <product_id UUID="e72ab1b2-6b8d-4844-81b1-e0354b608dc9" ORBIT_TYPE="POEORB">S1B_IW_SLC__1SDV_20200416T164812_20200416T164839_021172_0282D0_0BFB</product_id>
         <product_id UUID="5493e723-8284-4f0f-a6cd-4f1b7d23ffc0" ORBIT_TYPE="POEORB">S1A_IW_SLC__1SDV_20200422T164853_20200422T164920_032243_03BACF_7752</product_id>
         <product_id UUID="910af91f-c0db-4b8a-b3d0-b18740494261" ORBIT_TYPE="POEORB">S1B_IW_SLC__1SDV_20200428T164812_20200428T164840_021347_028855_E379</product_id>
         <product_id UUID="7395272b-7b94-4b86-bb47-42bb03eaf41d" ORBIT_TYPE="POEORB">S1A_IW_SLC__1SDV_20200504T164854_20200504T164921_032418_03C0FB_11E9</product_id>
         <product_id UUID="9315d191-f086-4c45-9e58-16455d60c8fc" ORBIT_TYPE="POEORB">S1B_IW_SLC__1SDV_20200510T164813_20200510T164840_021522_028DCF_60B1</product_id>
         <product_id UUID="df484297-7bce-47e2-9b5b-8b51cd9b11f3" ORBIT_TYPE="POEORB">S1A_IW_SLC__1SDV_20200516T164854_20200516T164921_032593_03C668_F09D</product_id>
         <product_id UUID="7af0bda9-cbc8-42da-a4aa-19f330831f83" ORBIT_TYPE="POEORB">S1B_IW_SLC__1SDV_20200522T164814_20200522T164841_021697_0292F4_258B</product_id>
         <product_id UUID="53562f6e-2195-4286-9832-3b3db41c4118" ORBIT_TYPE="POEORB">S1A_IW_SLC__1SDV_20200528T164855_20200528T164922_032768_03CBB0_6109</product_id>
         <product_id UUID="9278149c-7059-4261-9e1e-df0075643605" ORBIT_TYPE="POEORB">S1B_IW_SLC__1SDV_20200603T164814_20200603T164842_021872_029834_5BB5</product_id>
         <product_id UUID="cb03547e-932a-4e1d-b63c-74f95396bcf2" ORBIT_TYPE="POEORB">S1A_IW_SLC__1SDV_20200609T164856_20200609T164923_032943_03D0D8_ABB4</product_id>
         <product_id UUID="fe62f058-5241-4a3a-9e3b-11184a0c95b7" ORBIT_TYPE="POEORB">S1B_IW_SLC__1SDV_20200615T164815_20200615T164842_022047_029D78_1800</product_id>
         <product_id UUID="369e5bec-b9d5-4ba9-865e-023c2e22b881" ORBIT_TYPE="POEORB">S1B_IW_SLC__1SDV_20200627T164816_20200627T164843_022222_02A2CD_02F5</product_id>
         <product_id UUID="25ceb372-1516-4efa-b49a-ff76d7f3265e" ORBIT_TYPE="POEORB">S1A_IW_SLC__1SDV_20200703T164857_20200703T164924_033293_03DB77_BAB7</product_id>
         <product_id UUID="ac071f34-e3f9-4f5f-ada9-1de39aeb0937" ORBIT_TYPE="POEORB">S1B_IW_SLC__1SDV_20200709T164816_20200709T164844_022397_02A822_2DFE</product_id>
         <product_id UUID="22d95e4e-ab5b-49b5-b405-ec0c77f6e428" ORBIT_TYPE="POEORB">S1A_IW_SLC__1SDV_20200715T164858_20200715T164925_033468_03E0CE_EAAC</product_id>
         <product_id UUID="1fb90419-9532-4208-b585-a40ea2ca77dc" ORBIT_TYPE="POEORB">S1B_IW_SLC__1SDV_20200721T164817_20200721T164844_022572_02AD75_079B</product_id>
         <product_id UUID="eed46a85-f55f-4c6e-8753-93a56c96f761" ORBIT_TYPE="POEORB">S1A_IW_SLC__1SDV_20200727T164859_20200727T164926_033643_03E62C_34BB</product_id>
         <product_id UUID="4ac99f96-930c-486b-971e-5ca2fced0b65" ORBIT_TYPE="POEORB">S1B_IW_SLC__1SDV_20200802T164818_20200802T164845_022747_02B2BF_A7EA</product_id>
         <product_id UUID="3137219f-df1f-49f0-9e21-9bcde007833b" ORBIT_TYPE="POEORB">S1A_IW_SLC__1SDV_20200808T164859_20200808T164926_033818_03EBBE_FA6C</product_id>
         <product_id UUID="e5850992-1748-4db1-8c09-5347ee761f44" ORBIT_TYPE="POEORB">S1B_IW_SLC__1SDV_20200814T164819_20200814T164846_022922_02B829_31B4</product_id>
         <product_id UUID="a0ffd5cf-cd4a-427c-8df6-dad3cac9078a" ORBIT_TYPE="POEORB">S1A_IW_SLC__1SDV_20200820T164900_20200820T164927_033993_03F1E0_7BE4</product_id>
         <product_id UUID="eea4919f-9358-4ff1-b039-ccfdc29e50f8" ORBIT_TYPE="POEORB">S1B_IW_SLC__1SDV_20200826T164819_20200826T164847_023097_02BDAD_FE64</product_id>
         <product_id UUID="5d8f2421-e94a-46bb-a349-5d0deb1897b4" ORBIT_TYPE="POEORB">S1A_IW_SLC__1SDV_20200901T164901_20200901T164928_034168_03F80F_3592</product_id>
         <product_id UUID="aa8b65ef-dba8-473f-9aea-c8e790dc97c2" ORBIT_TYPE="POEORB">S1B_IW_SLC__1SDV_20200907T164820_20200907T164847_023272_02C322_AED5</product_id>
         <product_id UUID="532ee353-3d6e-409d-9cff-0275d24dd6bb" ORBIT_TYPE="POEORB">S1A_IW_SLC__1SDV_20200913T164901_20200913T164928_034343_03FE2F_CA54</product_id>
         <product_id UUID="310f4f11-4092-4362-a5d8-bec891e45585" ORBIT_TYPE="POEORB">S1B_IW_SLC__1SDV_20200919T164820_20200919T164847_023447_02C89D_563B</product_id>
         <product_id UUID="f65848d1-3eaf-41f1-b020-12ff8f142642" ORBIT_TYPE="POEORB">S1A_IW_SLC__1SDV_20200925T164902_20200925T164928_034518_040458_0D0E</product_id>
         <product_id UUID="c2200326-c969-44d8-b4b0-ac34f122c50b" ORBIT_TYPE="POEORB">S1B_IW_SLC__1SDV_20201001T164820_20201001T164848_023622_02CE1A_A340</product_id>
         <product_id UUID="1dc8cab5-843e-42dc-9f79-32c0e0d99c0c" ORBIT_TYPE="POEORB">S1A_IW_SLC__1SDV_20201007T164902_20201007T164929_034693_040A7D_19ED</product_id>
         <product_id UUID="9dd0d6c5-e71d-4248-9ff1-047b1d537922" ORBIT_TYPE="POEORB">S1B_IW_SLC__1SDV_20201013T164821_20201013T164848_023797_02D38A_4769</product_id>
         <product_id UUID="3e8a0792-c186-42e1-8280-b58350408624" ORBIT_TYPE="POEORB">S1A_IW_SLC__1SDV_20201019T164902_20201019T164929_034868_0410A0_2255</product_id>
         <product_id UUID="1a302c9f-adca-4172-adfd-6f6d2ba0dc61" ORBIT_TYPE="POEORB">S1B_IW_SLC__1SDV_20201025T164821_20201025T164848_023972_02D908_6301</product_id>
         <product_id UUID="f9b88e13-5e60-4c8d-b92f-a9acec7675d3" ORBIT_TYPE="POEORB">S1A_IW_SLC__1SDV_20201031T164902_20201031T164929_035043_041695_A95A</product_id>
         <product_id UUID="794b4209-b0ad-4674-a1f5-f084070f9607" ORBIT_TYPE="POEORB">S1B_IW_SLC__1SDV_20201106T164821_20201106T164848_024147_02DE6D_1BBE</product_id>
         <product_id UUID="243aa4b0-6391-4f79-bce1-e9393c89fd04" ORBIT_TYPE="POEORB">S1A_IW_SLC__1SDV_20201112T164902_20201112T164929_035218_041CB3_7361</product_id>
         <product_id UUID="1cb06494-6e9d-4a86-a271-77813d6eba6f" ORBIT_TYPE="POEORB">S1B_IW_SLC__1SDV_20201118T164820_20201118T164848_024322_02E3F1_12F9</product_id>
         <product_id UUID="f37a884f-5480-4de7-8642-e6ac33ea9cc7" ORBIT_TYPE="POEORB">S1A_IW_SLC__1SDV_20201124T164901_20201124T164928_035393_0422BD_B210</product_id>
         <product_id UUID="6a6303c8-8031-41d2-86b0-1d0cb6561417" ORBIT_TYPE="POEORB">S1B_IW_SLC__1SDV_20201130T164820_20201130T164847_024497_02E97C_7845</product_id>
         <product_id UUID="4214b093-f1d7-411f-847b-c72d1da65666" ORBIT_TYPE="POEORB">S1A_IW_SLC__1SDV_20201206T164901_20201206T164928_035568_0428C4_8305</product_id>
         <product_id UUID="a2a0f735-26fd-49dd-a50e-c152a77bb12e" ORBIT_TYPE="POEORB">S1B_IW_SLC__1SDV_20201212T164820_20201212T164847_024672_02EF22_8D80</product_id>
         <product_id UUID="f5b5fafd-94cc-4a49-aa54-418dfb9e4fc4" ORBIT_TYPE="POEORB">S1A_IW_SLC__1SDV_20201218T164900_20201218T164927_035743_042EC4_6F8F</product_id>
         <product_id UUID="0ea02ea0-489b-4167-a6fd-7a02bd93ce5f" ORBIT_TYPE="POEORB">S1B_IW_SLC__1SDV_20201224T164819_20201224T164846_024847_02F4D0_63E3</product_id>
         <product_id UUID="cb5489ec-43a9-4c05-a6be-fdc5db9294de" ORBIT_TYPE="POEORB">S1A_IW_SLC__1SDV_20201230T164900_20201230T164927_035918_0434F0_9816</product_id>
         <product_id UUID="2df742f5-9bdf-471f-9dca-ace6580b2f86" ORBIT_TYPE="POEORB">S1A_IW_SLC__1SDV_20210111T164859_20210111T164926_036093_043B07_8E7F</product_id>
         <product_id UUID="97de5007-658b-4e99-8a62-721f00873d40" ORBIT_TYPE="POEORB">S1B_IW_SLC__1SDV_20210117T164818_20210117T164845_025197_030006_ED28</product_id>
         <product_id UUID="55648738-c042-4ea3-a661-943e2d44a5e7" ORBIT_TYPE="POEORB">S1A_IW_SLC__1SDV_20210123T164859_20210123T164926_036268_04411C_A09E</product_id>
         <product_id UUID="98e210d1-5601-4ec2-80ce-f2a0154f634f" ORBIT_TYPE="POEORB">S1A_IW_SLC__1SDV_20210204T164858_20210204T164925_036443_044729_4FF5</product_id>
         <product_id UUID="971c564d-0e07-41e7-8912-e1e503910f55" ORBIT_TYPE="POEORB">S1B_IW_SLC__1SDV_20210210T164817_20210210T164844_025547_030B4D_4A7E</product_id>
         <product_id UUID="1b72b49a-465e-441a-b5ba-52759ccff4d4" ORBIT_TYPE="POEORB">S1A_IW_SLC__1SDV_20210216T164858_20210216T164925_036618_044D49_7202</product_id>
         <product_id UUID="a30a9024-6f82-4eb0-9d32-cea2fc2b42f5" ORBIT_TYPE="POEORB">S1B_IW_SLC__1SDV_20210222T164817_20210222T164844_025722_031102_0842</product_id>
         <product_id UUID="f4567070-dd17-47e6-871b-ef7e22170075" ORBIT_TYPE="POEORB">S1A_IW_SLC__1SDV_20210228T164858_20210228T164925_036793_04535E_457B</product_id>
         <product_id UUID="42102aa9-2e6c-4d69-b2ab-f41188931b7f" ORBIT_TYPE="POEORB">S1B_IW_SLC__1SDV_20210306T164817_20210306T164844_025897_0316BA_9B2A</product_id>
         <product_id UUID="139dd131-e523-47d9-b35f-61298391bc60" ORBIT_TYPE="POEORB">S1A_IW_SLC__1SDV_20210312T164858_20210312T164925_036968_045977_75A3</product_id>
         <product_id UUID="8dc13951-0b6c-4a2f-ab6f-9c7de457d8a1" ORBIT_TYPE="POEORB">S1B_IW_SLC__1SDV_20210318T164817_20210318T164844_026072_031C5F_4581</product_id>
         <product_id UUID="9fdea05c-aee2-426d-8636-ba85b61e5628" ORBIT_TYPE="POEORB">S1A_IW_SLC__1SDV_20210324T164858_20210324T164925_037143_045F87_F8E9</product_id>
         <product_id UUID="6475d638-d704-412e-b2de-1d80a4af59b6" ORBIT_TYPE="POEORB">S1B_IW_SLC__1SDV_20210330T164817_20210330T164844_026247_0321F0_42AB</product_id>
         <product_id UUID="fc0a4e9f-3960-4133-a998-14a50f94f46e" ORBIT_TYPE="POEORB">S1A_IW_SLC__1SDV_20210405T164858_20210405T164925_037318_046594_5A34</product_id>
         <product_id UUID="07172852-891d-4c66-820a-d11c7d9587bf" ORBIT_TYPE="POEORB">S1B_IW_SLC__1SDV_20210411T164818_20210411T164845_026422_03277C_763A</product_id>
         <product_id UUID="e91ab1b4-1b73-4690-9a0a-5948845a32ff" ORBIT_TYPE="POEORB">S1A_IW_SLC__1SDV_20210417T164859_20210417T164926_037493_046B9A_606B</product_id>
         <product_id UUID="1b2107f1-ce00-459d-8ce4-17d96e62403a" ORBIT_TYPE="POEORB">S1B_IW_SLC__1SDV_20210423T164818_20210423T164845_026597_032D1C_965E</product_id>
         <product_id UUID="4d5f0054-b0df-4069-894e-50f431422dc6" ORBIT_TYPE="POEORB">S1A_IW_SLC__1SDV_20210429T164859_20210429T164926_037668_0471B3_0F5C</product_id>
         <product_id UUID="db7eaacf-5c24-4f75-91ce-a09b31f676e8" ORBIT_TYPE="POEORB">S1B_IW_SLC__1SDV_20210505T164819_20210505T164846_026772_0332B3_32DA</product_id>
         <product_id UUID="d1654ebc-4f4c-42b9-b539-ac4049d127dd" ORBIT_TYPE="POEORB">S1A_IW_SLC__1SDV_20210511T164900_20210511T164927_037843_047765_BEC4</product_id>
         <product_id UUID="b99c61a4-4f95-4f4c-9448-09d438cdf193" ORBIT_TYPE="POEORB">S1B_IW_SLC__1SDV_20210517T164819_20210517T164846_026947_033829_45F6</product_id>
         <product_id UUID="aeb0575d-8da8-40e4-b579-d1d2e4c40364" ORBIT_TYPE="POEORB">S1A_IW_SLC__1SDV_20210523T164901_20210523T164928_038018_047CAD_84A4</product_id>
         <product_id UUID="6425b2ae-6791-4304-85f1-06e53194d7e7" ORBIT_TYPE="POEORB">S1B_IW_SLC__1SDV_20210529T164820_20210529T164847_027122_033D69_664E</product_id>
         <product_id UUID="f831c6d4-e398-42f8-9db7-c20d5e1b3153" ORBIT_TYPE="POEORB">S1A_IW_SLC__1SDV_20210604T164901_20210604T164928_038193_0481E8_946B</product_id>
         <product_id UUID="f57b95c0-fe79-42f3-b44e-8237c20d21b5" ORBIT_TYPE="POEORB">S1B_IW_SLC__1SDV_20210610T164821_20210610T164848_027297_0342A7_E1E2</product_id>
         <product_id UUID="16e674f9-a270-4482-999f-9e8f042593ed" ORBIT_TYPE="POEORB">S1A_IW_SLC__1SDV_20210616T164902_20210616T164929_038368_048717_8E7B</product_id>
         <product_id UUID="e54038a3-e015-4bf1-8fa2-49d3e1b44432" ORBIT_TYPE="POEORB">S1B_IW_SLC__1SDV_20210622T164821_20210622T164848_027472_0347D4_2A9E</product_id>
         <product_id UUID="541529f9-ac7f-47d7-8413-2b298638c144" ORBIT_TYPE="POEORB">S1A_IW_SLC__1SDV_20210628T164903_20210628T164930_038543_048C5B_5597</product_id>
         <product_id UUID="92c1b33a-d563-45ff-96c7-2f014082c3d5" ORBIT_TYPE="POEORB">S1B_IW_SLC__1SDV_20210704T164822_20210704T164849_027647_034CBC_806C</product_id>
         <product_id UUID="1a64f110-9847-4a37-a6fb-97a4ac4b63b4" ORBIT_TYPE="POEORB">S1A_IW_SLC__1SDV_20210710T164903_20210710T164930_038718_04919D_4D20</product_id>
         <product_id UUID="892c9bfb-5cbe-4562-b11a-920af5bffa17" ORBIT_TYPE="POEORB">S1B_IW_SLC__1SDV_20210716T164823_20210716T164850_027822_0351E7_3E7F</product_id>
         <product_id UUID="57274ff3-d28d-4c69-aac8-a70bc5e57617" ORBIT_TYPE="POEORB">S1A_IW_SLC__1SDV_20210722T164904_20210722T164931_038893_0496DA_64CD</product_id>
         <product_id UUID="d425cf85-78c5-4a89-8ffb-794fa03d8f7e" ORBIT_TYPE="POEORB">S1B_IW_SLC__1SDV_20210728T164824_20210728T164851_027997_03570D_993D</product_id>
         <product_id UUID="d9fd5805-99a7-4a51-be01-0796f6263844" ORBIT_TYPE="POEORB">S1A_IW_SLC__1SDV_20210803T164905_20210803T164932_039068_049C0C_A337</product_id>
         <product_id UUID="6c0d8715-d4d9-4725-b150-39e45fed48d1" ORBIT_TYPE="POEORB">S1B_IW_SLC__1SDV_20210809T164824_20210809T164851_028172_035C66_E1A4</product_id>
         <product_id UUID="66e723f1-9500-41b8-83f4-c8e372dea307" ORBIT_TYPE="POEORB">S1A_IW_SLC__1SDV_20210815T164906_20210815T164932_039243_04A20B_E0B9</product_id>
         <product_id UUID="4b5a53aa-a4ad-433e-ad61-2d31fd30f168" ORBIT_TYPE="POEORB">S1B_IW_SLC__1SDV_20210821T164825_20210821T164852_028347_0361E0_81E5</product_id>
         <product_id UUID="df485e31-3e57-4755-b6f1-9ec5436e7346" ORBIT_TYPE="POEORB">S1A_IW_SLC__1SDV_20210827T164906_20210827T164933_039418_04A80A_13A8</product_id>
         <product_id UUID="088d7e6a-61da-4ed9-b6d7-8b410507a770" ORBIT_TYPE="POEORB">S1B_IW_SLC__1SDV_20210902T164825_20210902T164852_028522_036753_5DB7</product_id>
         <product_id UUID="d9856098-ef76-4317-842a-8512c2bca4a6" ORBIT_TYPE="POEORB">S1A_IW_SLC__1SDV_20210908T164907_20210908T164934_039593_04AE1A_C52E</product_id>
         <product_id UUID="bebf09f6-1042-40c3-b7d4-8e63bd4bbd1e" ORBIT_TYPE="POEORB">S1B_IW_SLC__1SDV_20210914T164826_20210914T164853_028697_036CB4_154F</product_id>
         <product_id UUID="32570c9a-1a02-4c88-bc9b-fd8d034723f7" ORBIT_TYPE="POEORB">S1A_IW_SLC__1SDV_20210920T164907_20210920T164934_039768_04B40B_316B</product_id>
         <product_id UUID="a5c887b4-2a71-49ab-8171-52407c3fb9c5" ORBIT_TYPE="POEORB">S1B_IW_SLC__1SDV_20210926T164826_20210926T164853_028872_037217_A308</product_id>
         <product_id UUID="4ac29966-ff5d-492b-8f36-eb5528a0f413" ORBIT_TYPE="POEORB">S1A_IW_SLC__1SDV_20211002T164907_20211002T164934_039943_04BA19_9279</product_id>
         <product_id UUID="65e4ca0c-4576-41f3-9aee-cd68eb30c27d" ORBIT_TYPE="POEORB">S1B_IW_SLC__1SDV_20211008T164826_20211008T164854_029047_037751_E5EF</product_id>
         <product_id UUID="f17b00ee-0701-4d00-9eea-ad70d86accb0" ORBIT_TYPE="POEORB">S1A_IW_SLC__1SDV_20211014T164908_20211014T164934_040118_04C01F_5F70</product_id>
         <product_id UUID="7e346ca9-f557-452d-88be-39631ba8c811" ORBIT_TYPE="POEORB">S1B_IW_SLC__1SDV_20211020T164827_20211020T164854_029222_037CCF_2BDF</product_id>
         <product_id UUID="1a5cc117-6388-4829-9260-b8c2d91e0d07" ORBIT_TYPE="POEORB">S1A_IW_SLC__1SDV_20211026T164908_20211026T164935_040293_04C642_EB2B</product_id>
         <product_id UUID="cbfbe791-913a-47dc-a850-3241f46273ad" ORBIT_TYPE="POEORB">S1B_IW_SLC__1SDV_20211101T164826_20211101T164854_029397_038225_B532</product_id>
         <product_id UUID="2a00864d-a9ab-498c-a8ed-e5bfbfdb1ce6" ORBIT_TYPE="POEORB">S1A_IW_SLC__1SDV_20211107T164907_20211107T164934_040468_04CC59_9D9C</product_id>
         <product_id UUID="44c5ca92-a0d1-4d30-bbf8-f551d1cdc35c" ORBIT_TYPE="POEORB">S1B_IW_SLC__1SDV_20211113T164826_20211113T164853_029572_038776_3367</product_id>
         <product_id UUID="8e270da5-6bc2-4fe4-a734-0af374d2debb" ORBIT_TYPE="POEORB">S1A_IW_SLC__1SDV_20211119T164907_20211119T164934_040643_04D25D_685C</product_id>
         <product_id UUID="13525d6d-41fb-41ff-a76f-ec561ff3a60d" ORBIT_TYPE="POEORB">S1B_IW_SLC__1SDV_20211125T164826_20211125T164853_029747_038CF3_EB54</product_id>
         <product_id UUID="ac2fa548-d05f-4bdb-a01b-3e1c900ca1af" ORBIT_TYPE="POEORB">S1A_IW_SLC__1SDV_20211201T164907_20211201T164934_040818_04D87D_2846</product_id>
         <product_id UUID="b4b1e59e-9c4b-4173-8ac7-a40eb91f6989" ORBIT_TYPE="POEORB">S1B_IW_SLC__1SDV_20211207T164825_20211207T164852_029922_039272_0144</product_id>
         <product_id UUID="a4b47528-c027-4c55-a8b7-cf99d1c46fd6" ORBIT_TYPE="POEORB">S1A_IW_SLC__1SDV_20211213T164906_20211213T164933_040993_04DE7E_D67B</product_id>
         <product_id UUID="96743aea-7f45-4841-b2d0-f877cd72cb0c" ORBIT_TYPE="POEORB">S1B_IW_SLC__1SDV_20211219T164825_20211219T164852_030097_039801_17D6</product_id>
         <product_id UUID="425a97ba-523e-42ab-b06f-77b34fefed83" ORBIT_TYPE="POEORB">S1A_IW_SLC__1SDV_20211225T164905_20211225T164932_041168_04E449_D56C</product_id>
         <product_id UUID="2060d00e-0c56-4653-b425-7c91fd4771bb" ORBIT_TYPE="POEORB">S1A_IW_SLC__1SDV_20220106T164905_20220106T164932_041343_04EA3B_1048</product_id>
         <product_id UUID="d49b8a9d-388f-4c7e-a355-58ab9e26bbbf" ORBIT_TYPE="POEORB">S1A_IW_SLC__1SDV_20220118T164904_20220118T164931_041518_04EFF7_26B4</product_id>
         <product_id UUID="815dbbeb-d956-4c04-9b46-0c4f9d92cd70" ORBIT_TYPE="POEORB">S1A_IW_SLC__1SDV_20220130T164904_20220130T164931_041693_04F5EC_45FD</product_id>
         <product_id UUID="1021d737-19c6-41a8-86be-5840c5ffa5df" ORBIT_TYPE="POEORB">S1A_IW_SLC__1SDV_20220211T164904_20220211T164931_041868_04FBF5_8471</product_id>
         <product_id UUID="bda9b0cb-8229-45a2-b9e1-4feb676be76a" ORBIT_TYPE="POEORB">S1A_IW_SLC__1SDV_20220223T164904_20220223T164931_042043_050215_1CA5</product_id>
         <product_id UUID="487060a6-65dd-49cf-9787-312708e0b172" ORBIT_TYPE="POEORB">S1A_IW_SLC__1SDV_20220307T164903_20220307T164930_042218_050804_4364</product_id>
         <product_id UUID="f7b26577-a0ec-464f-ab6f-df81df6d9fa1" ORBIT_TYPE="POEORB">S1A_IW_SLC__1SDV_20220319T164904_20220319T164931_042393_050DF3_E368</product_id>
         <product_id UUID="892187d0-4968-4b68-b448-1c2f167c5405" ORBIT_TYPE="POEORB">S1A_IW_SLC__1SDV_20220331T164904_20220331T164931_042568_0513E0_13BD</product_id>
         <product_id UUID="7cbba281-0194-455f-ab4e-db703327f78f" ORBIT_TYPE="POEORB">S1A_IW_SLC__1SDV_20220412T164904_20220412T164931_042743_0519C2_3385</product_id>
         <product_id UUID="2f3a2508-13aa-4f85-95eb-835867a1541d" ORBIT_TYPE="POEORB">S1A_IW_SLC__1SDV_20220424T164905_20220424T164932_042918_051F94_30DF</product_id>
         <product_id UUID="a7c812df-ae4d-4a83-baae-82924f7ba655" ORBIT_TYPE="POEORB">S1A_IW_SLC__1SDV_20220506T164905_20220506T164932_043093_05255B_4237</product_id>
         <product_id UUID="eaa7293b-fa60-4ff5-aa31-5e23e2df4e74" ORBIT_TYPE="POEORB">S1A_IW_SLC__1SDV_20220518T164906_20220518T164933_043268_052ACD_68B8</product_id>
         <product_id UUID="f262a452-2ba0-4f7a-a7fa-414310fd8fe5" ORBIT_TYPE="POEORB">S1A_IW_SLC__1SDV_20220530T164907_20220530T164934_043443_052FF9_A4E2</product_id>
         <product_id UUID="efcc3e16-36d8-4025-b38f-7412d274c1cc" ORBIT_TYPE="POEORB">S1A_IW_SLC__1SDV_20220611T164908_20220611T164935_043618_053525_6A12</product_id>
         <product_id UUID="eb967899-9a23-4a8e-ae8d-3e1c050aeae8" ORBIT_TYPE="POEORB">S1A_IW_SLC__1SDV_20220623T164909_20220623T164936_043793_053A63_0114</product_id>
         <product_id UUID="6d62f838-45a9-47b4-a981-93723b39cbcb" ORBIT_TYPE="POEORB">S1A_IW_SLC__1SDV_20220705T164909_20220705T164936_043968_053F97_3CB7</product_id>
         <product_id UUID="5cefacd5-1ff2-43ef-b6ec-3f57983b545c" ORBIT_TYPE="POEORB">S1A_IW_SLC__1SDV_20220717T164910_20220717T164937_044143_0544D7_036A</product_id>
         <product_id UUID="e5c7d2a4-07f9-4e34-a1ae-326e19e8ae41" ORBIT_TYPE="POEORB">S1A_IW_SLC__1SDV_20220729T164911_20220729T164938_044318_0549FD_9226</product_id>
         <product_id UUID="0542324f-5b20-43bb-ba3e-4f5f20cba466" ORBIT_TYPE="POEORB">S1A_IW_SLC__1SDV_20220810T164912_20220810T164938_044493_054F3B_5C3D</product_id>
         <product_id UUID="5f71119f-dc75-4392-b0e0-c5c0dfc027ff" ORBIT_TYPE="POEORB">S1A_IW_SLC__1SDV_20220822T164912_20220822T164939_044668_05551D_7EE6</product_id>
         <product_id UUID="f2b88b69-465d-4e37-8d20-6a0557704a45" ORBIT_TYPE="POEORB">S1A_IW_SLC__1SDV_20220903T164913_20220903T164940_044843_055B06_C6D0</product_id>
         <product_id UUID="3260f5a9-e5b4-46f6-bcce-e8fd78a905a4" ORBIT_TYPE="POEORB">S1A_IW_SLC__1SDV_20220915T164913_20220915T164940_045018_0560E5_CCB8</product_id>
         <product_id UUID="6431c0b9-b583-4ef4-ab27-1f282962152d" ORBIT_TYPE="POEORB">S1A_IW_SLC__1SDV_20220927T164913_20220927T164940_045193_0566CA_F740</product_id>
         <product_id UUID="62282e08-3e11-4919-94a7-13d8e6f0467a" ORBIT_TYPE="POEORB">S1A_IW_SLC__1SDV_20221009T164914_20221009T164940_045368_056CA5_5909</product_id>
         <product_id UUID="97871721-e17f-4496-b3a3-ada5eae16173" ORBIT_TYPE="POEORB">S1A_IW_SLC__1SDV_20221021T164913_20221021T164940_045543_0571D2_F8DD</product_id>
         <product_id UUID="2976cb5a-952b-4198-a500-d3c91d463f4f" ORBIT_TYPE="POEORB">S1A_IW_SLC__1SDV_20221102T164913_20221102T164940_045718_0577BC_FB2C</product_id>
         <product_id UUID="8d0322d2-795a-4d82-bd77-1c4d25d1fe0d" ORBIT_TYPE="POEORB">S1A_IW_SLC__1SDV_20221114T164913_20221114T164940_045893_057DA9_3666</product_id>
         <product_id UUID="649598e6-3f0e-4072-a7a3-4b9e174d43ed" ORBIT_TYPE="POEORB">S1A_IW_SLC__1SDV_20221126T164913_20221126T164940_046068_058390_F36A</product_id>
         <product_id UUID="cae81780-4fad-4241-bf5f-5b750133acec" ORBIT_TYPE="POEORB">S1A_IW_SLC__1SDV_20221208T164912_20221208T164939_046243_05898B_B0AA</product_id>
         <product_id UUID="8520ea59-8f50-470c-bc90-abd9344d0ec8" ORBIT_TYPE="POEORB">S1A_IW_SLC__1SDV_20221220T164911_20221220T164938_046418_058F87_BB0A</product_id>
         <product_id UUID="e1c37eda-0db1-4a27-98c1-531cbdb75b1e" ORBIT_TYPE="POEORB">S1A_IW_SLC__1SDV_20230101T164911_20230101T164938_046593_059574_25AE</product_id>
         <product_id UUID="52182e65-5a96-45d3-9a4a-fafa78f8420c" ORBIT_TYPE="POEORB">S1A_IW_SLC__1SDV_20230113T164910_20230113T164937_046768_059B54_A6D9</product_id>
         <product_id UUID="4f3bd3f3-8524-45a6-b434-d3db219c62ad" ORBIT_TYPE="POEORB">S1A_IW_SLC__1SDV_20230125T164910_20230125T164937_046943_05A142_6D27</product_id>
         <product_id UUID="8f0bb341-47b7-4a28-84d2-c8f1e8fa4ded" ORBIT_TYPE="POEORB">S1A_IW_SLC__1SDV_20230206T164909_20230206T164936_047118_05A716_634B</product_id>
         <product_id UUID="4d594d3e-72a0-43a8-9a3c-7313532d5ee4" ORBIT_TYPE="POEORB">S1A_IW_SLC__1SDV_20230218T164909_20230218T164936_047293_05AD01_E6DD</product_id>
         <product_id UUID="a0e6e3df-8c0c-41ac-9263-78506fee6f8b" ORBIT_TYPE="POEORB">S1A_IW_SLC__1SDV_20230302T164909_20230302T164936_047468_05B2EC_6D1F</product_id>
         <product_id UUID="3bb55a82-26b1-4fc2-9788-a10c6a58ff5e" ORBIT_TYPE="POEORB">S1A_IW_SLC__1SDV_20230314T164909_20230314T164936_047643_05B8DB_DC05</product_id>
         <product_id UUID="77e09e0f-3a05-4a7a-824e-285f24a1581d" ORBIT_TYPE="POEORB">S1A_IW_SLC__1SDV_20230326T164910_20230326T164937_047818_05BEC0_77C1</product_id>
         <product_id UUID="252b15ae-45c6-40ad-a621-43b809331507" ORBIT_TYPE="POEORB">S1A_IW_SLC__1SDV_20230407T164910_20230407T164937_047993_05C4A7_FDD8</product_id>
         <product_id UUID="0f3db509-cd07-4ab8-9f22-5d87c702cc05" ORBIT_TYPE="RESORB">S1A_IW_SLC__1SDV_20230419T164910_20230419T164937_048168_05CA8E_580C</product_id>
         <product_id UUID="3cd0ac67-df13-47fa-8924-0cca59062339" ORBIT_TYPE="RESORB">S1A_IW_SLC__1SDV_20230501T164911_20230501T164938_048343_05D06E_1462</product_id>
      </product_ids>
   </output_product>
</processor_output_metadata>
